city_code,population,city_name,latitude,longitude
AT001C,1766746.0,Wien (greater city),48.2092062,16.3727778
AT002C,269997.0,Graz,47.0695512,15.4381829
AT003C,193814.0,Linz (greater city),48.306089,14.2864367
AT004C,146631.0,Salzburg,47.800499,13.04441
AT005C,124579.0,Innsbruck,47.2626899,11.3947034
AT006C,96640.0,Klagenfurt,46.62472,14.30528
BE001C,1264371.0,Bruxelles/Brussel (greater city),50.89806471,4.406264339
BE002C,547794.0,Antwerpen (greater city),51.25942418,4.371799938
BE003C,270133.0,Gent,51.074430543,3.725452562
BE004C,241219.0,Charleroi (greater city),50.421039544,4.434592431
BE005C,410032.0,Liège (greater city),50.63176777,5.59046281
BE006C,120142.0,Brugge,51.266855502,3.220199559
BE007C,115607.0,Namur,50.460442399,4.872583323
BE008C,103358.0,Leuven,50.882173608,4.705906182
BE009C,157957.0,Mons (greater city),50.452412522,3.971948154
BE010C,80207.0,Kortrijk (greater city),50.800007365,3.264576178
BE011C,72892.0,Oostende (greater city),51.210698214,2.923574143
BE012C,89467.0,Mechelen,51.028657605,4.450240917
BE013C,60906.0,Mouscron,50.736410985,3.251080003
BE014C,105519.0,La Louvière (greater city),50.473489876,4.156656659
BE015C,71540.0,Verviers (greater city),50.584978569,5.866798996
BG001C,1221172.0,Sofia,42.6964917,23.3260106
BG002C,343070.0,Plovdiv,42.1449239,24.7503222
BG003C,332686.0,Varna,43.2166452,27.9118058
BG004C,198035.0,Burgas,42.4976779,27.4700254
BG005C,89823.0,Pleven,43.4083307,24.6206228
BG006C,133813.0,Ruse,43.8495786,25.9552292
BG007C,38669.0,Vidin,43.9937135,22.8764136
BG008C,124599.0,Stara Zagora,42.4239169,25.6249022
BG009C,82251.0,Sliven,42.6805279,26.3163302
BG010C,79269.0,Dobrich,43.5690224,27.8272424
BG011C,72342.0,Shumen,43.2706037,26.9233772
BG012C,70285.0,Pernik,42.610232,23.0321377
BG013C,63656.0,Yambol,42.4837749,26.5107737
BG014C,67086.0,Haskovo,41.9312769,25.5572129
BG015C,65671.0,Pazardzhik,42.1909791,24.332278
BG016C,67810.0,Blagoevgrad,42.0224879,23.0947407
BG017C,65793.0,Veliko Tarnovo,43.0785562,25.6271574
BG018C,50012.0,Vratsa,43.2046378,23.5486496
CH001C,235885.0,Bern (greater city),47.11393117,7.793745909
CH002C,725893.0,Zurich (greater city),47.372863097,8.536057463
CH003C,437406.0,Geneva (greater city),46.212270935,6.126642752
CH004C,355946.0,Basel (greater city),47.556959234,7.593086695
CH005C,268135.0,Lausanne (greater city),46.52481914,6.626177179
CH006C,172541.0,Lucerne (greater city),47.051090149,8.304917524
CH007C,120376.0,Winterthur,47.499963775,8.727121011
CH008C,91073.0,Lugano (greater city),46.008037953,8.952290727
CH009C,78863.0,St. Gallen (greater city),47.42351923,9.367297457
CH010C,76372.0,Biel/Bienne (greater city),47.143131787,7.262669102
CY001C,241400.0,Lefkosia (greater city),35.1702478,33.358703
CZ001C,1275406.0,Praha,50.071199678,14.450977012
CZ002C,379466.0,Brno,49.207853314,16.6018048
CZ003C,279791.0,Ostrava,49.818421592,18.249840795
CZ004C,168733.0,Plzeň,49.737261317,13.384653437
CZ005C,90378.0,Ústí nad Labem,50.666655809,14.037020388
CZ006C,99496.0,Olomouc,49.592298938,17.257741988
CZ007C,102951.0,Liberec (greater city),50.764678222,15.056405015
CZ008C,93426.0,České Budějovice,48.973769275,14.478818079
CZ009C,90596.0,Hradec Králové,50.207877638,15.834358725
CZ010C,88520.0,Pardubice,50.033138109,15.773652946
CZ011C,72973.0,Zlín,49.22616087,17.67737756
CZ012C,66903.0,Kladno,50.145052012,14.104511382
CZ013C,45500.0,Karlovy Vary,50.231884799,12.857833022
CZ014C,50108.0,Jihlava,49.401675069,15.585495431
CZ015C,69084.0,Havířov,49.78479748,18.439033409
CZ016C,62866.0,Most,50.502691133,13.636171833
CZ017C,49881.0,Karviná,49.857974491,18.550758306
CZ018C,65208.0,Chomutov-Jirkov (greater city),50.49980414,13.44408295
DE001C,3662381.0,Berlin,52.517669999,13.405537999
DE002C,1851596.0,Hamburg,53.550677999,9.99697
DE003C,1488719.0,München,48.143438999,11.573599
DE004C,1024408.0,Köln,50.938106999,6.957068
DE005C,749596.0,Frankfurt am Main,50.110879999,8.682433
DE006C,574082.0,Essen,51.455842999,7.012583
DE007C,613111.0,Stuttgart,48.775816999,9.177734
DE008C,608013.0,Leipzig,51.338287999,12.377931001
DE009C,563019.0,Dresden,51.051696999,13.736883
DE010C,601343.0,Dortmund,51.514170999,7.464165001
DE011C,616319.0,Düsseldorf,51.224219999,6.780068
DE012C,584332.0,Bremen,53.075605999,8.809338
DE013C,520290.0,Hannover,52.374550999,9.738083999
DE014C,526606.0,Nürnberg,49.450937999,11.075269
DE015C,357024.0,Bochum,51.482698999,7.217177001
DE016C,331519.0,Bielefeld,52.020577999,8.53212
DE017C,227639.0,Halle an der Saale,51.48158,11.97947
DE018C,242491.0,Magdeburg,52.126247999,11.632726
DE019C,287241.0,Wiesbaden,50.081697999,8.239138
DE020C,126968.0,Göttingen,51.533026999,9.93514
DE021C,172887.0,Mülheim a.d.Ruhr,51.43218,6.87967
DE022C,101601.0,Moers,51.453558999,6.628027
DE023C,164832.0,Darmstadt,49.873210999,8.656600001
DE024C,103986.0,Trier,49.756736999,6.641293001
DE025C,236236.0,Freiburg im Breisgau,47.994785999,7.849876999
DE026C,149664.0,Regensburg,49.017833999,12.097392
DE027C,57065.0,Frankfurt (Oder),52.341757,14.550979001
DE028C,65620.0,Weimar,50.980760999,11.329741001
DE029C,97850.0,Schwerin,53.628544999,11.414434
DE030C,219549.0,Erfurt,50.977121999,11.027236
DE031C,298972.0,Augsburg,48.369695999,10.892578
DE032C,321680.0,Bonn,50.734244999,7.099187
DE033C,308197.0,Karlsruhe,49.009625999,8.405282
DE034C,267667.0,Mönchengladbach,51.194472999,6.43161
DE035C,223871.0,Mainz,50.001958999,8.271855001
DE036C,251751.0,Kiel,54.321774999,10.137270001
DE037C,181982.0,Saarbrücken,49.236300999,6.996011
DE038C,184290.0,Potsdam,52.400354999,13.05358
DE039C,113346.0,Koblenz,50.359515999,7.597956
DE040C,204948.0,Rostock,54.088547999,12.135993
DE041C,100571.0,Kaiserslautern,49.445456,7.768863999
DE042C,91884.0,Iserlohn,51.374540999,7.699212
DE043C,147215.0,Esslingen am Neckar (greater city),48.741346999,9.309565
DE044C,96786.0,Hanau,50.135572999,8.915189001
DE045C,76089.0,Wilhelmshaven,53.520301999,8.111156
DE046C,117175.0,Ludwigsburg (greater city),48.889440999,9.194347
DE047C,91763.0,Tübingen,48.522142999,9.057828999
DE048C,88213.0,Villingen-Schwenningen,48.058254999,8.459648999
DE049C,96431.0,Flensburg,54.782519999,9.437509999
DE050C,77845.0,Marburg,50.809003999,8.769147
DE051C,86898.0,Konstanz,47.662756999,9.175957
DE052C,79461.0,Neumünster,54.069894999,9.988422
DE053C,73609.0,Brandenburg an der Havel,52.408650999,12.563364
DE054C,88933.0,Gießen,50.586194999,8.674877
DE055C,74577.0,Lüneburg,53.249156999,10.408792999
DE056C,73074.0,Bayreuth,49.945573999,11.571349
DE057C,70138.0,Celle,52.626306999,10.08067
DE058C,72554.0,Aschaffenburg,49.973505999,9.147832
DE059C,75087.0,Bamberg,49.893386999,10.886785999
DE060C,65954.0,Plauen,50.496038999,12.135285
DE061C,63989.0,Neubrandenburg,53.557344999,13.25996
DE062C,69968.0,Fulda,50.553229999,9.675061
DE063C,65933.0,Kempten (Allgäu),47.724015999,10.317823001
DE064C,68741.0,Landshut,48.538622999,12.15892
DE065C,61296.0,Sindelfingen,48.709435999,9.000245
DE066C,64453.0,Rosenheim,47.855827999,12.12482
DE067C,48107.0,Frankenthal (Pfalz),49.535555999,8.354282
DE068C,59363.0,Stralsund,54.313974999,13.089972999
DE069C,62932.0,Friedrichshafen,47.652204999,9.479614
DE070C,61670.0,Offenburg,48.469473999,7.944214
DE071C,55395.0,Görlitz,51.155287,14.988035001
DE072C,56568.0,Sankt Augustin,50.773329999,7.185259
DE073C,62204.0,Neu-Ulm,48.392998999,9.998683
DE074C,53938.0,Schweinfurt,50.046684999,10.233723
DE075C,59691.0,Greifswald,54.095809999,13.379627
DE076C,54187.0,Wetzlar,50.554438999,8.501068999
DE077C,51368.0,Speyer,49.316171999,8.436572
DE078C,53907.0,Passau,48.569343,13.420113
DE079C,79655.0,Dessau-Roßlau,51.830854999,12.241879
DE080C,503185.0,Duisburg,51.433258999,6.765477
DE081C,316256.0,Mannheim,49.487779999,8.466275001
DE082C,267284.0,Gelsenkirchen,51.510891999,7.096064
DE083C,307071.0,Münster,51.961907999,7.626804
DE084C,245150.0,Chemnitz,50.833592999,12.921602
DE085C,253527.0,Braunschweig,52.262489999,10.520524999
DE086C,263772.0,Aachen,50.773515999,6.0848
DE087C,230393.0,Krefeld,51.332636999,6.560890001
DE088C,213510.0,Oberhausen,51.470316999,6.852291001
DE089C,217061.0,Lübeck,53.866268999,10.683932
DE090C,190640.0,Hagen,51.360170999,7.467405999
DE091C,197065.0,Kassel,51.314683999,9.495199
DE092C,179380.0,Hamm,51.678311999,7.816947
DE093C,156154.0,Herne,51.540364999,7.222793
DE094C,166078.0,Solingen,51.171717999,7.085664999
DE095C,165686.0,Osnabrück,52.276919999,8.04205
DE096C,175816.0,Ludwigshafen am Rhein,49.483234999,8.447899
DE097C,167850.0,Leverkusen,51.032449999,6.979766999
DE098C,176242.0,Oldenburg (Oldenburg),53.140024999,8.212993
DE099C,154712.0,Neuss,51.198872999,6.691409001
DE100C,155175.0,Heidelberg,49.408825999,8.702066999
DE101C,156887.0,Paderborn,51.719600999,8.757301
DE102C,131759.0,Würzburg,49.793929999,9.93725
DE103C,115396.0,Recklinghausen,51.614575999,7.197543999
DE104C,129347.0,Wolfsburg,52.421937999,10.784975
DE105C,118323.0,Bremerhaven,53.543031999,8.578068
DE106C,118912.0,Bottrop,51.523693999,6.929939
DE107C,131653.0,Heilbronn,49.140427999,9.217952999
DE108C,114061.0,Remscheid,51.179877999,7.194356
DE109C,131845.0,Offenbach am Main,50.105566999,8.764442
DE110C,128998.0,Ulm,48.398453999,9.990402
DE111C,135087.0,Pforzheim,48.891284999,8.699166001
DE112C,139536.0,Ingolstadt,48.765419999,11.423387
DE113C,95695.0,Gera,50.876146999,12.080429
DE114C,104548.0,Salzgitter,52.160600999,10.328465
DE115C,118770.0,Reutlingen,48.492079999,9.212005999
DE116C,131712.0,Fürth,49.477383999,10.989974
DE117C,94778.0,Cottbus,51.759345,14.335117001
DE118C,102440.0,Siegen,50.874558999,8.024625
DE119C,111003.0,Bergisch Gladbach,50.992243999,7.130608
DE120C,98299.0,Hildesheim,52.155017999,9.948634
DE121C,92037.0,Witten,51.438718,7.337177
DE122C,87172.0,Zwickau,50.719113999,12.492250999
DE123C,115314.0,Erlangen,49.595132999,11.00498
DE124C,358592.0,Wuppertal,51.271287999,7.195874001
DE125C,110076.0,Jena,50.930059999,11.591842
DE126C,94354.0,Düren,50.801677999,6.482964
DE127C,72893.0,Bocholt,51.837930999,6.61564
DE128C,51486.0,Elmshorn,53.757627999,9.661295
DE129C,81834.0,Norderstedt,53.706114999,9.996943
DE130C,81746.0,Delmenhorst,53.049882999,8.630108001
DE131C,55057.0,Hilden,51.168244999,6.933705
DE132C,59886.0,Langenfeld (Rheinland),51.11017,6.96035
DE133C,88708.0,Ratingen,51.297036999,6.849646
DE134C,67200.0,Dinslaken,51.562265999,6.734967001
DE135C,48139.0,Herzogenrath,50.865710999,6.089184
DE136C,118102.0,Troisdorf (greater city),50.812543999,7.162309
DE137C,73747.0,Castrop-Rauxel,51.553876999,7.310925
DE138C,75587.0,Gladbeck,51.573423999,6.992723
DE139C,61126.0,Herten,51.594649999,7.140236
DE140C,86686.0,Marl,51.658210999,7.101811
DE141C,99793.0,Gütersloh,51.909586999,8.381067
DE142C,53007.0,Hattingen,51.399034999,7.184107
DE143C,71474.0,Lüdenscheid,51.215819999,7.63358
DE144C,85919.0,Lünen,51.614326999,7.523532999
DE145C,59974.0,Unna,51.534877999,7.689932
DE146C,102240.0,Rüsselsheim am Main (greater city),49.994935999,8.411403999
DE147C,57274.0,Oberursel (greater city),50.200587999,8.582282
DE148C,51405.0,Böblingen,48.685295999,9.009663
DE149C,99458.0,Göppingen (greater city),48.703266999,9.653964
DE150C,131760.0,Waiblingen (greater city),48.832289999,9.315986999
DE151C,82514.0,Lörrach (greater city),47.612095999,7.659191001
DK001C,559440.0,København (greater city),55.675757,12.5690233
DK002C,319094.0,Århus,56.1581547,10.2120347
DK003C,193370.0,Odense,55.3962255,10.3905956
DK004C,203448.0,Aalborg,57.0472247,9.9201043
EE001C,457572.0,Tallinn,59.43243767,24.744065678
EE002C,101032.0,Tartu,58.380079351,26.722100911
EE003C,53360.0,Narva,59.375786423,28.196306228
EL001C,2622404.0,Athina (greater city),38.0,23.75
EL002C,315196.0,Thessaloniki (greater city),40.6347769,22.9430919
EL003C,170896.0,Pátra (greater city),38.2462143,21.7350693
EL004C,151324.0,Irakleio (greater city),35.3292189,25.1386597
EL005C,146926.0,Larisa,39.643516015082,22.435743478005
EL006C,86046.0,Volos (greater city),39.3605228,22.9453145
EL007C,80371.0,Ioannina (greater city),39.6745319,20.8402095
EL008C,58790.0,Kavala,40.936499,24.409477
EL009C,62409.0,Kalamata,38.254627,-120.3537
ES001C,4501429.0,Madrid (greater city),40.46059,-3.68692
ES002C,2658830.0,Barcelona (greater city),41.387917,2.1699187
ES003C,1474632.0,Valencia (greater city),39.4702393,-0.3768049
ES004C,686741.0,Sevilla,37.38264,-5.9962951
ES005C,691037.0,Zaragoza,41.656837,-0.8794245
ES006C,592346.0,Málaga,36.7196292,-4.4200007
ES007C,471982.0,Murcia,37.9835334,-1.129905
ES008C,383516.0,"Palmas de Gran Canaria, Las",28.09973,-15.41343
ES009C,322066.0,Valladolid (greater city),41.6529421,-4.7283839
ES010C,438234.0,Palma de Mallorca,39.5694515,2.6499457
ES011C,99491.0,Santiago de Compostela,42.8806228,-8.5466071
ES012C,257407.0,Vitoria-Gasteiz,42.8468573,-2.6715859
ES013C,220027.0,Oviedo,43.3602825,-5.8447919
ES014C,343690.0,Pamplona/Iruña (greater city),42.8179948,-1.6441817
ES015C,173635.0,Santander,43.4614116,-3.8093031
ES016C,86281.0,Toledo,39.8567619,-4.0245279
ES017C,151146.0,Badajoz,38.8785497,-6.9701578
ES018C,150845.0,Logroño,42.46569,-2.44998
ES019C,782473.0,Bilbao (greater city),43.2569608,-2.9234602
ES020C,324902.0,Córdoba,37.8847225,-4.7791269
ES021C,503432.0,Alicante/Alacant (greater city),38.34521,-0.4809945
ES022C,295523.0,Vigo,42.2313601,-8.7124252
ES023C,270219.0,Gijón,43.545229,-5.6619245
ES024C,371341.0,Santa Cruz de Tenerife (greater city),28.4697982,-16.2548355
ES025C,305086.0,A Coruña (greater city),43.3707332,-8.3958532
ES026C,109961.0,Reus,41.1548165,1.1086469
ES027C,103587.0,Telde,27.9961815,-15.4178962
ES028C,99365.0,Lugo,43.0120963,-7.5558311
ES029C,93793.0,San Fernando,36.4656902,-6.1966757
ES030C,149572.0,Girona (greater city),41.9816465,2.8236112
ES031C,96448.0,Cáceres,39.4762161,-6.3708585
ES032C,95760.0,Torrevieja,37.9775865,-0.6831891
ES033C,90423.0,"Puerto de Santa María, El",36.6126,-6.22965
ES034C,91293.0,Avilés (greater city),43.5555119,-5.9246244
ES035C,85138.0,Talavera de la Reina,39.9598001,-4.834432
ES036C,76578.0,Palencia,42.0124584,-4.5311748
ES037C,103678.0,Ferrol (greater city),43.4883872,-8.2225093
ES038C,83106.0,Pontevedra,42.433575,-8.6481143
ES039C,83179.0,Ceuta,35.8882403,-5.3161839
ES040C,86903.0,Gandia (greater city),38.9690169,-0.1851574
ES041C,90878.0,Guadalajara,40.6300812,-3.1660851
ES042C,90709.0,Manresa (greater city),41.7251751,1.8233527
ES043C,75674.0,Ciudad Real,38.9861041,-3.9272645
ES044C,74573.0,Benidorm,38.5369002,-0.1291231
ES045C,85985.0,Melilla,35.2923344,-2.9387718
ES046C,62957.0,Ponferrada,42.5463315,-6.5908331
ES047C,59553.0,Zamora,41.5036783,-5.7437652
ES048C,85646.0,Fuengirola,36.5390044,-4.6243528
ES049C,69887.0,Sanlúcar de Barrameda,36.7788211,-6.3541978
ES050C,70293.0,Vilanova i la Geltrú,41.224151,1.7255678
ES051C,64987.0,"Línea de la Concepción, La",36.18299,-5.3467
ES052C,148931.0,Torremolinos (greater city),36.6218088,-4.5002559
ES053C,80232.0,Irun (greater city),43.338233,-1.7892723
ES054C,101828.0,Granollers (greater city),41.6082321,2.287809
ES055C,68025.0,Arrecife,28.9595062,-13.5476012
ES056C,88014.0,Elda (greater city),38.4780341,-0.7904639
ES057C,78048.0,Santa Lucía de Tirajana,27.9127243,-15.5412365
ES058C,85104.0,Mollet del Vallès (greater city),41.5405218,2.2135289
ES059C,333545.0,Granada (greater city),37.1764835,-3.5979371
ES060C,242317.0,Elche/Elx,38.2672102,-0.6952186
ES061C,219235.0,Cartagena,37.6057068,-0.9913063
ES062C,214844.0,Jerez de la Frontera,36.6865248,-6.1371776
ES063C,250056.0,San Sebastián/Donostia (greater city),43.31283,-1.97499
ES064C,199804.0,Alcalá de Henares,40.481663,-3.3641362
ES065C,226978.0,Almería (greater city),36.8400939,-2.4679043
ES066C,176551.0,Burgos,42.3408923,-3.6997623
ES067C,166803.0,Salamanca (greater city),40.9649677,-5.6630917
ES068C,174073.0,Albacete,38.9976623,-1.8600675
ES069C,179861.0,Castellón de la Plana/Castelló de la Plana,39.9860398,-0.0360705
ES070C,143526.0,Huelva,37.2571454,-6.9495382
ES071C,111180.0,Cádiz,36.5297453,-6.2926477
ES072C,152789.0,León (greater city),42.5998935,-5.5717327
ES073C,146954.0,Tarragona (greater city),41.1186629,1.24533
ES074C,111945.0,Jaén,37.7657753,-3.7893929
ES075C,144878.0,Lleida,41.6141646,0.6258029
ES076C,115888.0,Ourense (greater city),42.3401174,-7.8646923
ES077C,130887.0,Mataró,41.5375002,2.4452776
ES078C,140463.0,Dos Hermanas,37.2831754,-5.9222424
ES079C,125047.0,Algeciras,36.1298238,-5.4477564
ES080C,156153.0,Marbella,36.5118318,-4.8822775
ES081C,141047.0,Torrejón de Ardoz,40.4586653,-3.4811858
ES082C,77112.0,Alcalá de Guadaíra,37.3383272,-5.8440318
ES083C,60447.0,Alcoy/Alcoi,38.7020091,-0.4771982
ES084C,58548.0,Ávila,40.6563881,-4.700433
ES085C,76318.0,Benalmádena,36.5952582,-4.5733612
ES086C,89805.0,Chiclana de la Frontera,36.4192561,-6.1494166
ES087C,67323.0,Collado Villalba,40.6272562,-4.0085868
ES088C,53630.0,Cuenca,40.0718475,-2.1340107
ES089C,53228.0,Eivissa,38.9088415,1.4323924
ES090C,55303.0,Linares,38.0937244,-3.6358496
ES091C,97769.0,Lorca,37.6713082,-1.6987916
ES092C,59894.0,Mérida,38.9158586,-6.3456061
ES093C,79465.0,Sagunto (greater city),39.6801381,-0.2782788
ES094C,51232.0,Torrelavega,43.3514552,-4.0470165
ES095C,83582.0,Valdemoro,40.1926953,-3.6798643
ES096C,69714.0,Puerto de la Cruz (greater city),28.4133926,-16.5451558
ES097C,65127.0,Igualada (greater city),41.5787648,1.6171926
ES098C,59964.0,San Vicente del Raspeig/Sant Vicent del Raspeig,38.3993316,-0.5240879
ES099C,28505.0,Vícar,36.8315531,-2.6424627
ES100C,65548.0,Armilla (greater city),37.1401023,-3.6179401
ES101C,198834.0,Mairena del Aljarafe (greater city),37.34449,-6.0653538
ES102C,62508.0,Aranjuez,40.0320927,-3.6032879
ES103C,134876.0,Parla,40.2375383,-3.7727413
ES104C,55989.0,Pinto,40.2427892,-3.7035966
ES105C,59209.0,Arganda del Rey,40.3008652,-3.4379756
ES106C,190496.0,Fuenlabrada,40.283873,-3.8003288
ES107C,101637.0,Rivas-Vaciamadrid,40.32605,-3.51089
ES108C,119657.0,Coslada (greater city),40.4259419,-3.5654669
ES109C,172740.0,Las Rozas de Madrid (greater city),40.4932791,-3.875189
ES110C,69196.0,Castelldefels,41.280378,1.9767008
ES111C,115140.0,Viladecans (greater city),41.315975,2.0202484
ES112C,65910.0,"Prat de Llobregat, El",41.32784,2.09472
ES113C,84588.0,Sant Boi de Llobregat,41.3473838,2.0431027
ES114C,180172.0,Sant Cugat del Vallès (greater city),41.4718638,2.0821392
ES115C,77734.0,Premià de Mar (greater city),41.4895789,2.3565363
ES116C,422784.0,Sabadell (greater city),41.5486304,2.1074436
ES117C,228294.0,Terrassa,41.5609412,2.0104484
ES118C,54664.0,Huesca,42.1400519,-0.40887
FI001C,674500.0,Helsinki/Helsingfors,60.229686469,24.991973176
FI002C,255050.0,Tampere/Tammerfors,61.500594045,23.81088151
FI003C,201863.0,Turku/Åbo,60.450585216,22.268154765
FI004C,214633.0,Oulu/Uleåborg,65.044289393,25.523867604
FI005C,314024.0,Espoo/Esbo,60.200315423,24.712017481
FI006C,247443.0,Vantaa/Vanda,60.31202672,25.018146248
FI007C,120693.0,Lahti/Lahtis,60.981118165,25.721926575
FI008C,124021.0,Kuopio,62.901363407,27.699159166
FI009C,147746.0,Jyväskylä,62.235837652,25.737675943
FR001C,10353710.0,Paris (greater city),48.856372814,2.352529617
FR002C,1296104.0,Lyon (greater city),45.767634724,4.835037488
FR003C,966750.0,Lille (greater city),50.6292,3.0573
FR004C,976483.0,Marseille (greater city),43.296606916,5.369866968
FR005C,773626.0,Bordeaux (greater city),44.837898313,-0.579380299
FR006C,774656.0,Toulouse (greater city),43.604595206,1.444217454
FR007C,501084.0,Nantes (greater city),47.21838348,-1.554317317
FR008C,476301.0,Nice (greater city),43.695978065,7.271454889
FR009C,436462.0,Strasbourg (greater city),48.573340291,7.752005015
FR010C,335389.0,Rouen (greater city),49.44350314,1.100060105
FR011C,381724.0,Montpellier (greater city),43.598499355,3.896845979
FR012C,366905.0,Grenoble (greater city),45.186447778,5.736442084
FR013C,246865.0,Tours (greater city),47.390847918,0.689480032
FR014C,240630.0,Cannes-Antibes (greater city),43.5524541,7.0201296
FR015C,241392.0,Toulon (greater city),43.12442,5.92836
FR016C,279869.0,Rennes (greater city),48.111582472,-1.68005409
FR017C,206170.0,Reims (greater city),49.258241397,4.031506028
FR018C,246728.0,Orléans (greater city),47.902857326,1.909331693
FR019C,224257.0,Nancy (greater city),48.692938002,6.183924485
FR020C,202775.0,Dijon (greater city),47.321774381,5.042264211
FR021C,190822.0,Clermont-Ferrand (greater city),45.779715905,3.086533635
FR022C,190712.0,Le Havre (greater city),49.494261098,0.107801459
FR023C,207427.0,Saint-Étienne (greater city),45.440196896,4.387293903
FR024C,210759.0,Angers (greater city),47.471236931,-0.547957644
FR025C,204066.0,Mulhouse (greater city),47.750494926,7.335982682
FR026C,201849.0,Lens (greater city),50.428763498,2.831691226
FR027C,170174.0,Metz (greater city),49.119590722,6.176355886
FR028C,150444.0,Nîmes,43.836720001,4.360292168
FR029C,153231.0,Le Mans (greater city),48.007523159,0.197347784
FR030C,156149.0,Saint-Denis,48.936159492,2.358386231
FR031C,183808.0,Caen (greater city),49.181133516,-0.372810286
FR032C,140961.0,Limoges (greater city),45.826337539,1.260531636
FR033C,147933.0,Aix-en-Provence,43.529850239,5.447376271
FR034C,140993.0,Brest,48.391323734,-4.485052434
FR035C,148502.0,Amiens (greater city),49.894329885,2.295704159
FR036C,140159.0,Dunkerque (greater city),51.037741776,2.376649806
FR037C,143083.0,Perpignan (greater city),42.699420669,2.894527005
FR038C,131272.0,Annecy (greater city),45.899257579,6.129374717
FR039C,120057.0,Besançon,47.237693201,6.024061421
FR040C,130344.0,Bayonne (greater city),43.493415304,-1.475197081
FR041C,117686.0,La Seyne-sur-Mer (greater city),43.102133409,5.881058895
FR042C,113428.0,Pau (greater city),43.294806736,-0.370777029
FR043C,140385.0,Avignon (greater city),43.949315226,4.805311547
FR044C,113412.0,Troyes (greater city),48.297698898,4.073956423
FR045C,127050.0,Valenciennes (greater city),50.357856469,3.524197715
FR046C,133853.0,Fort-de-France (greater city),48.7975,2.389
FR047C,99725.0,Poitiers (greater city),46.580124499,0.341217237
FR048C,95437.0,Valence (greater city),44.933269681,4.892107529
FR049C,95131.0,Fréjus (greater city),43.433014915,6.737145922
FR050C,118765.0,Chambéry (greater city),45.566467493,5.920675372
FR051C,90093.0,Mantes-la-Jolie (greater city),48.989012582,1.715260848
FR052C,86043.0,Douai (greater city),50.367833103,3.080496714
FR053C,101292.0,Melun (greater city),48.539799094,2.661200972
FR054C,97314.0,La Rochelle (greater city),46.159608789,-1.151284976
FR055C,81390.0,Lorient (greater city),47.748276025,-3.366055815
FR056C,78028.0,Cherbourg-en-Cotentin,49.642368393,-1.624289599
FR057C,80815.0,Béziers,43.343002387,3.213863337
FR058C,75479.0,Chartres (greater city),48.443911792,1.4889035
FR059C,78797.0,Creil (greater city),49.260623414,2.472744321
FR060C,74297.0,Boulogne-sur-Mer (greater city),50.725135246,1.61335354
FR061C,67585.0,Calais (greater city),50.952610393,1.854585802
FR062C,71437.0,Mamoudzou,49.2503071,2.4718137
FR063C,72067.0,Montbéliard (greater city),47.510192988,6.798270897
FR064C,67090.0,Arras (greater city),50.293353245,2.778802414
FR065C,67360.0,Colmar (greater city),48.079343502,7.358139881
FR066C,64956.0,Martigues (greater city),43.405504357,5.048520357
FR067C,67151.0,Meaux (greater city),48.958435339,2.87798084
FR068C,64238.0,Bourges,47.080575225,2.3989015
FR069C,72363.0,Saint-Brieuc (greater city),48.51371596,-2.764070331
FR070C,64530.0,Quimper,47.996495646,-4.101986682
FR071C,60797.0,Belfort (greater city),47.637738284,6.862834456
FR072C,63956.0,Cayenne,48.432740414276,2.74910182873
FR073C,67361.0,Hayange,49.330370844,6.064490084
FR074C,54478.0,Saint-Louis,47.586020875,7.561057977
FR075C,54955.0,Vannes,47.65836516,-2.760916527
FR076C,64114.0,"Annemasse-Geneva, FR part (greater city)",46.193312386,6.234138224
FR077C,37960.0,"Saint-Louis-Bâle, FR part (greater city)",47.586020875,7.561057977
HR001C,760020.0,Zagreb,45.815916177,15.980642745
HR002C,102415.0,Rijeka,45.340230019,14.42722787
HR003C,48143.0,Slavonski Brod,45.165830012,18.018565745
HR004C,92966.0,Osijek,45.552721117,18.685303875
HR005C,180568.0,Split (greater city),43.512822779,16.458086061
HR006C,51153.0,Pula/Pola,44.869671634,13.854220663
HR007C,69487.0,Zadar,44.121262395,15.242154221
HU001C,1686222.0,Budapest (greater city),47.4981441,19.0405528
HU002C,143502.0,Miskolc,48.1043376,20.7916577
HU003C,115359.0,Nyíregyháza,47.9550191,21.7174006
HU004C,140330.0,Pécs,46.0713012,18.2331371
HU005C,201704.0,Debrecen,47.5333407,21.6252136
HU006C,157930.0,Szeged,46.2536166,20.1461353
HU007C,130191.0,Gyõr,47.684051,17.6351011
HU008C,109450.0,Kecskemét,46.9064372,19.6897229
HU009C,96024.0,Székesfehérvár,47.1887157,18.4138088
HU010C,77757.0,Szombathely,47.23514,16.6219178
HU011C,67126.0,Szolnok,47.175233,20.194087
HU012C,65861.0,Tatabánya,47.5861869,18.3947662
HU013C,56777.0,Veszprém,47.092967,17.913785
HU014C,55091.0,Békéscsaba,46.6763401,21.0898936
HU015C,59270.0,Kaposvár,46.36653,17.782483
HU016C,50018.0,Eger,47.9031987,20.3731077
HU017C,41873.0,Dunaújváros,46.9736903,18.9275187
HU018C,55433.0,Zalaegerszeg,46.845412,16.8472302
HU019C,61589.0,Sopron,47.684898,16.583053
IE001C,1325700.0,Dublin (greater city),53.3440956,-6.2674862
IE002C,118713.0,Cork (greater city),51.8978719,-8.4710874
IE003C,56980.0,Limerick (greater city),52.6638571,-8.6267726
IE004C,73963.0,Galway (greater city),53.2737969,-9.0517799
IE005C,46583.0,Waterford (greater city),52.2596947,-7.1082936
IT001C,2747290.0,Roma,41.8905568,12.4942679
IT002C,3565055.0,Milano (greater city),45.4636183,9.1881156
IT003C,2977204.0,Napoli (greater city),40.8399833,14.2525421
IT004C,853196.0,Torino,45.0683751,7.6830662
IT005C,628693.0,Palermo,38.115664,13.3614707
IT006C,564080.0,Genova,44.4070624,8.9339889
IT007C,361705.0,Firenze,43.7686976,11.2569291
IT008C,315831.0,Bari,41.1259135,16.8721133
IT009C,390151.0,Bologna,44.4941903,11.3465185
IT010C,441026.0,Catania (greater city),37.5024825,15.0878345
IT011C,249490.0,Venezia,45.434608,12.338913
IT012C,255039.0,Verona,45.4383527,10.9917125
IT013C,70922.0,Cremona,45.1334974,10.026135
IT014C,118640.0,Trento,46.0666665,11.1190676
IT015C,198388.0,Trieste,45.6535974,13.7785154
IT016C,162050.0,Perugia,43.1124355,12.3895637
IT017C,99533.0,Ancona,43.6171493,13.51599
IT018C,197483.0,Pescara (greater city),42.4648263,14.2140946
IT019C,47547.0,Campobasso,41.5600859,14.6647992
IT020C,194394.0,Caserta  (greater city),41.0757257,14.3337885
IT021C,186011.0,Taranto,40.4692224,17.2400578
IT022C,63864.0,Potenza,40.6372423,15.8021655
IT023C,83313.0,Catanzaro,38.9105359,16.5877572
IT024C,168779.0,Reggio di Calabria,38.114629,15.6502035
IT025C,120510.0,Sassari,40.7273106,8.5586705
IT026C,214929.0,Cagliari (greater city),39.2154086,9.1093239
IT027C,207412.0,Padova,45.4095409,11.8765508
IT028C,199853.0,Brescia,45.5398382,10.2229562
IT029C,184074.0,Modena,44.6470972,10.9251918
IT030C,145198.0,Foggia,41.4622919,15.5447458
IT031C,126000.0,Salerno,40.6779181,14.7659539
IT032C,103406.0,Piacenza,45.0537735,9.6951421
IT033C,106568.0,Bolzano,46.4967153,11.3580048
IT034C,98279.0,Udine,46.0649418,13.2307247
IT035C,92706.0,La Spezia,44.1067,9.8292563
IT036C,94187.0,Lecce,40.3532912,18.1740146
IT037C,92191.0,Barletta,41.319277,16.28399
IT038C,95266.0,Pesaro,43.912069,12.915744
IT039C,83135.0,Como,45.8120317,9.085615
IT040C,89422.0,Pisa,43.7161354,10.3965843
IT041C,85652.0,Treviso,45.6662855,12.242072
IT042C,78992.0,Varese,45.8176285,8.8263837
IT043C,73440.0,Asti,44.9008642,8.206813
IT044C,71610.0,Pavia,45.1858877,9.1565627
IT045C,66288.0,Massa,44.0386652,10.1441744
IT046C,100021.0,Cosenza (greater city),39.2981996,16.2538921
IT047C,58581.0,Savona,44.3110703,8.4772463
IT048C,59628.0,Matera,40.6686534,16.6060872
IT049C,96194.0,Acireale (greater city),37.6127396,15.1661949
IT050C,51975.0,Avellino,40.9147487,14.7927229
IT051C,52314.0,Pordenone,45.9626521,12.6550436
IT052C,47233.0,Lecco,45.8529825,9.3900705
IT053C,70163.0,Altamura,40.830257,16.5545229
IT054C,52958.0,Bitonto,41.1084412,16.6914285
IT055C,57229.0,Molfetta,41.2012642,16.5985366
IT056C,49361.0,Battipaglia,40.6087718,14.9830347
IT057C,53404.0,Bisceglie,41.2412953,16.5018784
IT058C,73297.0,Carpi,44.7830182,10.8850542
IT059C,56900.0,Cerignola,41.265,15.9014259
IT060C,70451.0,Gela,37.0662645,14.2507647
IT061C,53100.0,Bagheria,38.0783238,13.5069548
IT062C,107934.0,Anzio (greater city),41.4479468,12.629052
IT063C,41116.0,Sassuolo,44.5440988,10.784893
IT064C,217033.0,Messina,38.1923323,15.5555232
IT065C,197057.0,Prato,43.8796098,11.0962486
IT066C,198693.0,Parma,44.8078212,10.3296266
IT067C,153154.0,Livorno,43.5518876,10.3078411
IT068C,172284.0,Reggio nell'Emilia,44.6962417,10.6278987
IT069C,156340.0,Ravenna,44.4157367,12.1965892
IT070C,129081.0,Ferrara,44.8378378,11.6203994
IT071C,150333.0,Rimini,44.0609167,12.5663013
IT072C,115776.0,Siracusa,37.0661716,15.2842579
IT073C,253256.0,Bergamo (greater city),45.6948924,9.6699596
IT074C,117535.0,Forlì,44.221229,12.0426869
IT075C,127796.0,Latina,41.46737,12.90404
IT076C,110468.0,Vicenza,45.5459053,11.540307
IT077C,106310.0,Terni,42.5601845,12.6467994
IT078C,102231.0,Novara,45.4451051,8.6183864
IT079C,92522.0,Alessandria,44.9132102,8.6169664
IT080C,96479.0,Arezzo,43.4712011,11.8630617
IT081C,81264.0,Grosseto,42.7628652,11.112776
IT082C,81723.0,Brindisi,40.6361753,17.9389909
IT083C,54949.0,Trapani,38.0185881,12.5146338
IT084C,73878.0,Ragusa,36.9259126,14.7285037
IT085C,96750.0,Andria,41.2316878,16.29173
IT086C,54803.0,Trani,41.275523,16.417578
IT087C,70425.0,L'Aquila,42.3506978,13.3999338
IT088C,62771.0,Vigevano,45.317092,8.8586493
IT089C,121673.0,Guidonia Montecelio (greater city),41.9998179,12.726297
IT090C,55115.0,Tivoli,41.9635786,12.7982722
LT001C,602408.0,Vilnius,54.701609712,25.266350902
LT002C,304177.0,Kaunas,54.909025134,23.932923775
LT003C,86595.0,Panevėžys,55.778483815,24.31555377
LT004C,51340.0,Alytus,54.401106748,24.036251604
LT005C,159279.0,Klaipėda,55.695098772,21.160823607
LT006C,110331.0,Šiauliai,55.905426109,23.323944388
LU001C,115227.0,Luxembourg (greater city),49.611567,6.133836
LV001C,601882.0,Rīga,56.978018573,24.122476403
LV002C,68106.0,Liepāja,56.540631295,21.030496949
LV003C,54694.0,Jelgava,56.651020623,23.716421359
LV004C,78942.0,Daugavpils,55.874818283,26.536061783
MT001C,466066.0,Greater Valletta,35.898333,14.5125512
NL001C,1073736.0,Amsterdam (greater city),52.361524688,4.890870311
NL002C,226692.0,Alkmaar (greater city),52.638884514,4.750730324
NL003C,74317.0,Almelo,52.355862398,6.660982868
NL004C,226500.0,Almere,52.370981271,5.231854774
NL005C,114966.0,Alphen aan den Rijn,52.135804572,4.661042015
NL006C,161852.0,Amersfoort,52.169446076,5.393465707
NL007C,168211.0,Apeldoorn,52.210714522,5.974396143
NL008C,182783.0,Arnhem,51.974490103,5.905734847
NL009C,69701.0,Assen,53.001803464,6.557252787
NL010C,69694.0,Bergen op Zoom,51.491837503,4.292562991
NL011C,188078.0,Breda,51.589716312,4.773509819
NL012C,103405.0,Deventer,52.259476865,6.173234346
NL013C,166111.0,Ede,52.037297872,5.655423614
NL014C,293244.0,Eindhoven (greater city),51.44870917,5.471816109
NL015C,161738.0,Enschede,52.216166136,6.891070489
NL016C,75758.0,Gouda,52.01672494,4.711054324
NL017C,813669.0,'s-Gravenhage (greater city),52.069248385,4.296715483
NL018C,243768.0,Groningen,53.219956308,6.564955801
NL019C,288256.0,Haarlem (greater city),52.381044553,4.642828229
NL020C,163128.0,Haarlemmermeer,52.308122839,4.686525311
NL021C,95718.0,Heemskerk (greater city),52.507170734,4.675054103
NL022C,197654.0,Heerlen (greater city),50.892460408,5.977868533
NL023C,95874.0,Helmond,51.476622307,5.660933822
NL024C,83058.0,Hengelo,52.269017798,6.800436561
NL025C,160757.0,'s-Hertogenbosch,51.702106954,5.302003137
NL026C,94435.0,Hilversum,52.224818359,5.172198517
NL027C,75645.0,Hoorn,52.648537457,5.067712842
NL028C,128810.0,Leeuwarden,53.201134953,5.805000142
NL029C,276383.0,Leiden (greater city),52.158170179,4.48755174
NL030C,84080.0,Lelystad,52.507038286,5.473746342
NL031C,125285.0,Maastricht,50.848376453,5.693558527
NL032C,95393.0,Middelburg       ,51.496091725,3.614957388
NL033C,187049.0,Nijmegen,51.831225233,5.838790127
NL034C,114067.0,Nissewaard (greater city),51.831710225,4.282064363
NL035C,94634.0,Oss,51.76422461,5.519663409
NL036C,95168.0,Purmerend,52.504856918,4.961675
NL037C,1274944.0,Rotterdam (greater city),51.918323034,4.493749988
NL038C,77559.0,Roosendaal,51.528527269,4.462129898
NL039C,117394.0,Sittard-Geleen (greater city),50.965987851827,5.826858024032
NL040C,72747.0,Soest (greater city),52.173705718,5.290225474
NL041C,229836.0,Tilburg (greater city),51.566279732,5.062871894
NL042C,473630.0,Utrecht (greater city),52.09301548,5.105752713
NL043C,69440.0,Veenendaal,52.024492798,5.55373107
NL044C,103789.0,Venlo,51.370113038,6.162593931
NL045C,161389.0,Zaanstad (greater city),52.45313,4.81356
NL046C,128434.0,Zoetermeer,52.058765446,4.498590941
NL047C,133141.0,Zwolle,52.51445694,6.093977726
NO001C,699827.0,Oslo (greater city),59.2658284,11.0347173
NO002C,144699.0,Bergen,60.3880473,5.3318581
NO003C,286930.0,Trondheim,63.4345664,10.398439
NO004C,210496.0,Stavanger (greater city),58.9644285,5.7262483
PL001C,1861599.0,Warszawa,52.229827082,21.011731518
PL002C,652015.0,Łódź,51.764444457,19.463055493
PL003C,806201.0,Kraków,50.061781198,19.937369714
PL004C,673743.0,Wrocław,51.107841756,17.038656154
PL005C,538439.0,Poznań,52.410870377,16.938415328
PL006C,487371.0,Gdańsk,54.351887748,18.646338873
PL007C,389066.0,Szczecin,53.425109842,14.550810974
PL008C,326434.0,Bydgoszcz,53.125394284,18.001433865
PL009C,329565.0,Lublin,51.251121759,22.575131344
PL010C,279190.0,Katowice,50.264373594,19.023555858
PL011C,291688.0,Białystok,53.132280626,23.168725232
PL012C,182295.0,Kielce,50.871737349,20.631493437
PL013C,194771.0,Toruń,53.013244465,18.614990612
PL014C,167311.0,Olsztyn,53.776453573,20.48772802
PL015C,197268.0,Rzeszów,50.041104807,21.999142223
PL016C,126077.0,Opole,50.667732632,17.928593896
PL017C,115247.0,Gorzów Wielkopolski,52.730959831,15.238292867
PL018C,138932.0,Zielona Góra,51.939161056,15.503820274
PL019C,75124.0,Jelenia Góra,50.903111508,15.734597418
PL020C,80358.0,Nowy Sącz,49.62025418,20.702143166
PL021C,68231.0,Suwałki,54.101362731,22.928270838
PL022C,67066.0,Konin,52.229519573,18.244988711
PL023C,61839.0,Zory,50.045479211,18.694315557
PL024C,205969.0,Częstochowa,50.811931744,19.127898744
PL025C,196005.0,Radom,51.400654614,21.157799958
PL026C,111190.0,Płock,52.546332334,19.686637155
PL027C,93137.0,Kalisz,51.760848676,18.086844532
PL028C,105540.0,Koszalin,54.19023368,16.181899617
PL029C,85504.0,Słupsk,54.467043808,17.027394091
PL030C,82301.0,Jastrzębie-Zdrój,49.95189481,18.602344949
PL031C,75297.0,Siedlce,52.163726769,22.287638521
PL032C,66519.0,Piotrków Trybunalski,51.411111094,19.686111163
PL033C,67620.0,Lubin,51.39861114,16.203333298
PL034C,70054.0,Piła,53.151310176,16.738235142
PL035C,67378.0,Inowrocław,52.796459031,18.261581076
PL036C,63932.0,Ostrowiec Swietokrzyski,50.943947577,21.389888165
PL037C,63549.0,Gniezno,52.53468548,17.599724208
PL038C,66604.0,Stargard,53.339751943,15.037629126
PL039C,69260.0,Ostrów Wielkopolski,51.649807791,17.8174608
PL040C,57568.0,Przemysl,49.782316824,22.775140307
PL041C,58231.0,Zamość,50.723187738,23.252001097
PL042C,57214.0,Chełm,51.133599407,23.470163514
PL043C,60598.0,Pabianice,51.665000012,19.359166641
PL044C,62049.0,Głogów,51.664640093,16.079743017
PL045C,56819.0,Stalowa Wola,50.568430014,22.065609646
PL046C,58796.0,Tomaszów Mazowiecki,51.530383391,20.009659823
PL047C,59711.0,Łomża,53.173290993,22.068575684
PL048C,61396.0,Leszno,51.840159089,16.579710551
PL049C,54192.0,Swidnica,50.842663148,16.487200437
PL050C,54550.0,Zgierz,51.856249794,19.406216092
PL051C,56936.0,Tczew,54.088055533,18.799444445
PL052C,59759.0,Ełk,53.760259948,22.33185995
PL053C,241189.0,Gdynia,54.517693409,18.538787175
PL054C,187115.0,Sosnowiec,50.285264869,19.178038774
PL055C,169915.0,Gliwice,50.292088704,18.667138486
PL056C,153838.0,Zabrze,50.298575485,18.786852956
PL057C,147759.0,Bytom,50.348406528,18.91567555
PL058C,165766.0,Bielsko-Biała,49.822245231,19.045058241
PL059C,130302.0,Ruda Śląska,50.276456775,18.863853257
PL060C,130887.0,Rybnik,50.092933746,18.541611383
PL061C,122045.0,Tychy,50.13717,18.96641
PL062C,100294.0,Wałbrzych,50.767201871,16.282671209
PL063C,112923.0,Elbląg,54.161434605,19.409766569
PL064C,100807.0,Włocławek,52.654895075,19.065499284
PL065C,103129.0,Tarnów,50.012504461,20.988364508
PL066C,100593.0,Chorzów,50.299455468,18.952414876
PL067C,91948.0,Legnica,51.206632727,16.162800497
PL068C,88658.0,Grudziądz,53.488029346,18.752957807
PL069C,53848.0,Będzin,50.324292741,19.135846605
PL070C,113460.0,Dąbrowa Górnicza,50.326053933,19.205379371
PL071C,52630.0,Legionowo,52.406830128,20.931903014
PL072C,71280.0,Mysłowice,50.212082461,19.147649336
PL073C,65461.0,Pruszków,52.162465547,20.80340771
PL074C,63401.0,Siemianowice Śląskie,50.304806677,19.026196218
PL075C,45434.0,Świętochłowice,50.292021013,18.915873685
PT001C,1965363.0,Lisboa (greater city),38.7070085,-9.1356407
PT002C,1017569.0,Porto (greater city),41.1501526,-8.610318
PT003C,203519.0,Braga (greater city),41.5517605,-8.4229034
PT004C,108129.0,Funchal (greater city),32.6475379,-16.9050158
PT005C,146899.0,Coimbra (greater city),40.211491,-8.4292014
PT006C,124339.0,Setúbal (greater city),38.5245872,-8.8931529
PT007C,69038.0,Ponta Delgada (greater city),37.7364354,-25.6726553
PT008C,88154.0,Aveiro (greater city),40.6411848,-8.6536169
PT009C,70347.0,Faro (greater city),37.0153597,-7.935113
PT010C,103502.0,Viseu (greater city),40.6575445,-7.9142793
PT011C,86975.0,Viana do Castelo (greater city),41.6945675,-8.8301632
PT012C,86560.0,Paredes (greater city),41.2071231,-8.3337171
PT013C,68459.0,Póvoa de Varzim (greater city),41.3826771,-8.7627482
PT014C,400947.0,Sintra (greater city),38.7984429,-9.3882185
PT015C,156513.0,Guimarães (greater city),41.4419546,-8.2956069
PT016C,140711.0,Vila Franca de Xira (greater city),38.9542819,-8.9896863
RO001C,2131034.0,București,44.4355816,26.1022199
RO002C,324960.0,Cluj-Napoca,46.7709185,23.5899178
RO003C,328186.0,Timișoara (greater city),45.7509747,21.2261973
RO004C,301269.0,Craiova,44.3183777,23.7964038
RO005C,202740.0,Brăila,45.2709601,27.9743368
RO006C,221407.0,Oradea,47.0554992,21.9280296
RO007C,197155.0,Bacău,46.5620308,26.9120649
RO008C,176846.0,Arad,46.1759737,21.3189948
RO009C,168697.0,Sibiu,45.796933,24.1499923
RO010C,147674.0,Târgu Mureș,46.5426795,24.5578654
RO011C,112786.0,Piatra-Neamț,46.91667,26.33333
RO012C,75810.0,Călărași,44.1913743,27.3326544
RO013C,67121.0,Giurgiu,43.8953897,25.9670619
RO014C,74659.0,Alba Iulia,46.0673371,23.5808695
RO015C,92205.0,Focșani,45.6965234,27.1837063
RO016C,95351.0,Târgu Jiu,45.0423003,23.2708059
RO017C,86520.0,Tulcea,45.176725,28.805225
RO018C,91884.0,Târgoviște,44.9269005,25.4573239
RO019C,82931.0,Slatina,44.4277939,24.3558072
RO020C,70680.0,Bârlad,46.2257098,27.6701299
RO021C,69229.0,Roman,46.9255654,26.9291452
RO022C,94139.0,Bistrița,47.132206,24.4951212
RO023C,313021.0,Constanța,44.1772738,28.6528818
RO024C,378954.0,Iași (greater city),47.159811,27.5872013
RO025C,304050.0,Galați,45.4382178,28.0563359
RO026C,289360.0,Brașov,45.6494899,25.6065501
RO027C,227445.0,Ploiești,44.9404004,26.0238227
RO028C,173985.0,Pitești,44.85,24.86667
RO029C,145444.0,Baia Mare,47.6574261,23.5742158
RO030C,132288.0,Buzău,45.1535852,26.8201699
RO031C,119788.0,Satu Mare,47.7932964,22.8770765
RO032C,120153.0,Botoșani,47.745001,26.662133
RO033C,117776.0,Râmnicu Vâlcea,45.10658,24.365209
RO034C,124589.0,Suceava,47.6409373,26.246444
RO035C,106707.0,Drobeta-Turnu Severin,44.6268982,22.6528214
SE001C,1626241.0,Stockholm (greater city),59.3327881,18.0644881
SE002C,721473.0,Göteborg (greater city),57.6969943,11.9865
SE003C,365646.0,Malmö,55.6033166,13.0013362
SE004C,137481.0,Jönköping,57.7817963,14.1584992
SE005C,134249.0,Umeå,63.828874,20.2566664
SE006C,248019.0,Uppsala,59.8581318,17.6446215
SE007C,168034.0,Linköping,58.413738,15.6235082
SE008C,160139.0,Örebro,59.273755,15.2075395
SE009C,102911.0,Södertälje,59.1959473,17.6279523
SE010C,160632.0,Västerås,59.6164759,16.5513616
SE011C,144982.0,Norrköping,58.594719,16.183627
SE012C,152093.0,Helsingborg,56.0468849,12.69525
SE013C,131591.0,Lund,55.7028943,13.1947108
SE014C,114874.0,Borås,57.7209979,12.9402545
SE015C,98335.0,Växjö,56.8769804,14.8091798
SI001C,297575.0,Ljubljana,46.063332073,14.51943693
SI002C,113747.0,Maribor,46.546139601,15.648047027
SK001C,475577.0,Bratislava (greater city),48.154419507,17.119406427
SK002C,227458.0,Košice (greater city),48.723991571,21.260430432
SK003C,75317.0,Banská Bystrica,48.736299956,19.146547754
SK004C,77610.0,Nitra,48.307508385,18.085375701
SK005C,83897.0,Prešov,48.997665234,21.240067748
SK006C,81940.0,Žilina,49.223728185,18.740108104
SK007C,63194.0,Trnava,48.379840488,17.589082573
SK008C,54458.0,Trenčín,48.898674677,18.060280645
TR001C,3401573.0,Ankara,39.8965202,32.8619738
TR002C,1197332.0,Adana,36.9837199,35.3298202
TR003C,689665.0,Antalya,36.8863907,30.7104875
TR004C,229842.0,Balikesir,39.64917,27.88611
TR005C,1336111.0,Bursa,40.1857846,29.0566613
TR006C,300081.0,Denizli,37.778688,29.0616577
TR007C,609465.0,Diyarbakir,37.916249,40.225588
TR008C,123089.0,Edirne,41.679096,26.551607
TR009C,405733.0,Erzurum,39.9014975,41.2645499
TR010C,945804.0,Gaziantep,37.065842,37.376078
TR011C,149919.0,Hatay,36.202451,36.1579584
TR012C,9897599.0,Istanbul,41.0129952,28.9747973
TR013C,2386759.0,Izmir,38.418724,27.129601
TR014C,76420.0,Kars,40.6105251,43.0991107
TR015C,67102.0,Kastamonu,41.3757174,33.7784036
TR016C,572170.0,Kayseri,38.73222,35.48528
TR017C,191471.0,Kocaeli,40.7624,29.932946
TR018C,829636.0,Konya,37.871658,32.498959
TR019C,420920.0,Malatya,38.3457491,38.2897081
TR020C,234156.0,Manisa,38.6131653,27.4299764
TR021C,72841.0,Nevsehir,38.626759,34.720623
TR022C,379933.0,Samsun,41.2894539,36.3392809
TR023C,109271.0,Siirt,37.9251231,41.9385663
TR024C,230618.0,Trabzon,41.0020719,39.7192164
TR025C,336700.0,Van,38.503493,43.396448
TR026C,96504.0,Zonguldak,41.4505136,31.789336
UK001C,8866541.0,London,51.50740836,-0.127698693
UK002C,1139249.0,Birmingham,52.479298965,-1.902935584
UK003C,787020.0,Leeds,53.800718598,-1.550267941
UK004C,623715.0,Glasgow,55.86362504,-4.236869947
UK005C,535987.0,Bradford,53.790793103,-1.754564317
UK006C,493182.0,Liverpool,53.409366791,-2.978494817
UK007C,515855.0,Edinburgh,55.953339501,-3.189106896
UK008C,546564.0,Manchester,53.478956243,-2.245275766
UK009C,363502.0,Cardiff,51.480005315,-3.176864083
UK010C,580148.0,Sheffield,53.382525584,-1.468535662
UK011C,461329.0,Bristol,51.453132471,-2.600983373
UK012C,341049.0,Belfast,54.5972686,-5.9301088
UK013C,298019.0,Newcastle upon Tyne,54.978017857,-1.610202459
UK014C,354379.0,Leicester,52.633632508,-1.133454264
UK015C,228180.0,Aberdeen,57.149835042,-2.093766906
UK016C,125339.0,Cambridge,52.204875146,0.119708761
UK017C,129672.0,Exeter,50.722568506,-3.53261104
UK018C,98739.0,Lincoln,53.234863268,-0.538440607
UK019C,106253.0,Gravesham,51.44291,0.36405
UK020C,87747.0,Stevenage,51.90234303,-0.200780294
UK021C,135849.0,Wrexham,53.04793759,-2.994781717
UK022C,214926.0,Portsmouth,50.796839113,-1.091156463
UK023C,102103.0,Worcester,52.192944483,-2.221083802
UK024C,363467.0,Coventry,52.407723675,-1.506847882
UK025C,260659.0,Kingston-upon-Hull,53.744608274,-0.332582054
UK026C,255606.0,Stoke-on-Trent,53.022201047,-2.173368282
UK027C,260967.0,Wolverhampton,52.586220279,-2.129909246
UK028C,330139.0,Nottingham,52.95621589,-1.15120109
UK029C,323016.0,Wirral,53.33333,-3.08333
UK030C,190392.0,Bath and North East Somerset,51.33333,-2.5
UK031C,171460.0,Thurrock,51.5,0.41667
UK032C,147833.0,Guildford,51.239445558,-0.57588678
UK033C,141578.0,Thanet,51.36667,1.41667
UK034C,128781.0,Nuneaton and Bedworth,52.486106127136,-1.507478495713
UK035C,118058.0,Tunbridge Wells,51.13321,0.26256
UK036C,128404.0,Ashford,51.148443491,0.871117465
UK037C,118063.0,East Staffordshire,52.83333,-1.91667
UK038C,106457.0,Darlington,54.523284789,-1.553620384
UK039C,109829.0,Worthing,50.814247348,-0.371197173
UK040C,108709.0,Mansfield,53.144656659,-1.196351225
UK041C,104604.0,Chesterfield,53.236348381,-1.429204234
UK042C,88116.0,Burnley,53.787530905,-2.244390151
UK043C,99394.0,Great Yarmouth,52.608218425,1.727162859
UK044C,101148.0,Woking,51.318345826,-0.558106346
UK045C,93131.0,Hartlepool,54.685398998,-1.212925791
UK046C,99618.0,Cannock Chase,52.73333,-2.0
UK047C,103206.0,Eastbourne,50.766437265,0.278154786
UK048C,92834.0,Hastings,50.85632512,0.581246012
UK049C,80613.0,Hyndburn,54.1,-2.61667
UK050C,85097.0,Redditch,52.306948252,-1.941515191
UK051C,76603.0,Tamworth,52.63345102,-1.692441032
UK052C,86393.0,Harlow,51.768798325,0.09573556
UK053C,128014.0,Halton,50.866421603,0.595618535
UK054C,437936.0,Kirklees,53.58333,-1.75
UK055C,340070.0,North Lanarkshire (Airdrie/Bellshill/Coatbridge/Motherwell),55.825400669923,-4.025616318853
UK056C,342914.0,Wakefield,53.683720573,-1.498171447
UK057C,320023.0,Dudley,52.510064225,-2.083154631
UK058C,325369.0,Wigan,53.545554296,-2.629694261
UK059C,309741.0,Doncaster,53.522743073,-1.132354414
UK060C,291410.0,Stockport,53.408039691,-2.158959648
UK061C,274993.0,Sefton,53.502251872,-2.973576005
UK062C,326419.0,Sandwell,52.501585122,-1.968322031
UK063C,277333.0,Sunderland,54.902172416,-1.383816776
UK064C,285093.0,Bolton,53.577725196,-2.431038782
UK065C,282336.0,Walsall,52.586236645,-1.980335616
UK066C,277736.0,Medway,51.41667,0.5
UK067C,264023.0,Rotherham,53.430738454,-1.354739535
UK068C,289275.0,Brighton and Hove,50.823610053,-0.143525158
UK069C,263085.0,Plymouth,50.370000434,-4.142097256
UK070C,245973.0,Swansea,51.620115198,-3.941435841
UK071C,257104.0,Derby,52.924711408,-1.478050388
UK072C,244270.0,Barnsley,53.553541115,-1.482594405
UK073C,252578.0,Southampton,50.904882121,-1.404303871
UK074C,234691.0,Oldham,53.542178512,-2.11595689
UK075C,252870.0,Salford,53.480660381,-2.294997575
UK076C,224658.0,Tameside,53.5,-2.08333
UK077C,235932.0,Trafford,53.41667,-2.33333
UK078C,268064.0,Milton Keynes,52.043032997,-0.754041654
UK079C,219230.0,Rochdale,53.616977566,-2.156706022
UK080C,214421.0,Solihull,52.41276583,-1.777541317
UK081C,225401.0,Northampton,52.237873248,-0.8950312
UK082C,205229.0,North Tyneside,55.03333,-1.5
UK083C,202464.0,Gateshead,54.959920872,-1.604957548
UK084C,209626.0,Warrington,53.389585626,-2.590896017
UK085C,214384.0,Luton,51.879552016,-0.417425005
UK086C,209028.0,York,53.962026649,-1.083683588
UK087C,189868.0,Bury,53.59270787,-2.298767944
UK088C,221180.0,Swindon,51.561533386,-1.785446091
UK089C,196850.0,Stockton-on-Tees,54.563982985,-1.312680669
UK090C,179690.0,St. Helens,53.45,-2.73333
UK091C,185171.0,Basildon,51.570672483,0.452425792
UK092C,194554.0,Bournemouth,50.720960877,-1.876681162
UK093C,182136.0,Southend-on-Sea,51.540123663,0.711404216
UK094C,176784.0,Telford and Wrekin,52.75,-2.5
UK095C,159824.0,North East Lincolnshire,53.53333,-0.08333
UK096C,176637.0,Chelmsford,51.737053943,0.473631821
UK097C,199978.0,Peterborough,52.572528071,-0.242483168
UK098C,191311.0,Colchester,51.889719668,0.89937749
UK099C,149910.0,South Tyneside,54.95,-1.41667
UK100C,175533.0,Basingstoke and Deane,51.248690947,-1.216743661
UK101C,170768.0,Bedford,52.136856325,-0.468468554
UK102C,148730.0,Dundee City,56.471911524789,-2.968004388936
UK103C,160235.0,Falkirk,55.999321934,-3.784807
UK104C,163139.0,Reading,51.453802806,-0.973738812
UK105C,139588.0,Blackpool,53.820873757,-3.051538194
UK106C,168843.0,Maidstone,51.272967372,0.52065746
UK107C,153798.0,Dacorum,51.7497,-0.4737
UK108C,148857.0,Blackburn with Darwen,53.66667,-2.46667
UK109C,152394.0,Newport,50.700219041,-1.293662055
UK110C,140592.0,Middlesbrough,54.576443362,-1.236839239
UK111C,154455.0,Oxford,51.751982657,-1.257628623
UK112C,135514.0,Torbay,50.4516,-3.55785
UK113C,141582.0,Preston,53.760570187,-2.698524587
UK114C,147234.0,St Albans,51.752313623,-0.33906633
UK115C,141383.0,Warwick,52.283467979,-1.589215561
UK116C,129227.0,Newcastle-under-Lyme,53.011178196,-2.228008154
UK117C,140745.0,Norwich,52.628893307,1.293330365
UK118C,148940.0,Slough,51.50885828,-0.592940761
UK119C,339244.0,Cheshire West and Chester,53.19467,-2.87722
UK120C,138006.0,Ipswich,52.05708088,1.152862886
UK121C,117109.0,Cheltenham,51.900737976,-2.07668546
UK122C,129184.0,Gloucester,51.864557712,-2.246931011
UK123C,121027.0,Bracknell Forest,51.41667,-0.75
UK124C,108331.0,Carlisle,54.89262629,-2.933022576
UK125C,112056.0,Crawley,51.114471145,-0.188199897
UK126C,96721.0,Watford,51.655123527,-0.395735292
UK127C,85396.0,Gosport,50.794445852,-1.122702209
UK128C,131159.0,Eastleigh,50.969375279,-1.353319055
UK129C,95480.0,Rushmoor,51.16035602,-0.758159651
UK130C,106772.0,Rugby,52.372200706,-1.26263351
UK131C,70184.0,Corby,52.487696306,-0.701287111
UK132C,100759.0,Kettering,52.399961368,-0.728291946
UK133C,78455.0,Inverclyde (Greenock),55.948493719,-4.757131636
UK134C,177310.0,Renfrewshire (Paisley),55.845082289,-4.428391818
UK135C,150588.0,Derry & Strabane Local Government District,32.779547,-96.800714
