param,param_value,mux_type,k_min,M,density,rep,N,avg_skr,avg_qber,avg_fidelity,avg_ent_rate,reachability
P_BSM,0.1,no_mux,100,1,1.0,0,1000,24.382455283240763,0.06974218275763061,0.8953867258635542,72.25603876359543,0.939386052719386
P_BSM,0.2,no_mux,100,1,1.0,0,1000,36.715859727585915,0.06863634313656515,0.8970454852951525,124.43260536626016,0.9587387387387387
P_BSM,0.30000000000000004,no_mux,100,1,1.0,0,1000,58.94572043353788,0.06934058687339595,0.8959891196899061,215.2978382395566,0.9561294627961294
P_BSM,0.4,no_mux,100,1,1.0,0,1000,78.69324923268888,0.06913551892441269,0.8962967216133811,319.50688800334854,0.95327994661328
P_BSM,0.5,no_mux,100,1,1.0,0,1000,106.65611578130984,0.06980174600404777,0.8952973809939282,464.56992583697723,0.9507173840507174
P_BSM,0.6,no_mux,100,1,1.0,0,1000,139.95013697163682,0.07020693806588064,0.8946895929011789,649.4228241719662,0.9527927927927928
P_BSM,0.7000000000000001,no_mux,100,1,1.0,0,1000,196.21781604005176,0.06897486236020363,0.8965377064596948,927.4557927306975,0.9535602268935602
P_BSM,0.8,no_mux,100,1,1.0,0,1000,232.55448145726447,0.06863712344504597,0.897044314832431,1182.1471438347605,0.9678011344678011
P_BSM,0.9,no_mux,100,1,1.0,0,1000,294.5884851098465,0.06852792167166355,0.8972081174925046,1529.321072568394,0.9629763096429763
P_BSM,1.0,no_mux,100,1,1.0,0,1000,354.0692305401204,0.06885388344697241,0.8967191748295413,1905.481299227457,0.9591991991991992
T_coh,0.01,no_mux,100,1,1.0,0,1000,239.9072459792445,0.0857224725193956,0.8714162912209065,1791.6645608259887,0.8462328995662329
T_coh,0.021544346900318832,no_mux,100,1,1.0,0,1000,320.9705334075606,0.07399960643255918,0.8890005903511614,1877.3758818856204,0.9519652986319653
T_coh,0.046415888336127774,no_mux,100,1,1.0,0,1000,323.02207971786214,0.0709415014030673,0.8935877478953991,1826.4466504285003,0.9576042709376043
T_coh,0.1,no_mux,100,1,1.0,0,1000,334.9226727050189,0.06979188447670226,0.8953121732849466,1828.7247328819344,0.9715849182515849
T_coh,0.21544346900318834,no_mux,100,1,1.0,0,1000,364.1639712555889,0.06722318593813731,0.8991652210927941,1887.3328965753199,0.9680814147480814
T_coh,0.46415888336127775,no_mux,100,1,1.0,0,1000,381.6360390990123,0.06570747748216033,0.9014387837767595,1925.6337590442024,0.9758825492158826
T_coh,1.0,no_mux,100,1,1.0,0,1000,362.72179208301674,0.06644736874788938,0.9003289468781659,1869.5684834131544,0.9721721721721722
T_coh,2.154434690031882,no_mux,100,1,1.0,0,1000,374.0784686982736,0.06541522651732658,0.9018771602240101,1898.575867284885,0.981001001001001
T_coh,4.6415888336127775,no_mux,100,1,1.0,0,1000,376.8895722224041,0.06605636273272478,0.9009154559009127,1905.0167144027637,0.9732532532532533
T_coh,10.0,no_mux,100,1,1.0,0,1000,377.61826612014636,0.0649877858346821,0.9025183212479768,1911.686814019381,0.9878812145478812
eta_total,0.03,no_mux,100,1,1.0,0,1000,0.0,,,0.0,0.0
eta_total,0.08222222222222222,no_mux,100,1,1.0,0,1000,5.4295723346666875,0.1274000059169995,0.8088999911245007,88.75658323013717,0.3385719052385719
eta_total,0.13444444444444442,no_mux,100,1,1.0,0,1000,28.146802654631106,0.09092466809162687,0.8636129978625597,242.3072052881406,0.7979646312979646
eta_total,0.18666666666666665,no_mux,100,1,1.0,0,1000,70.17581623304116,0.08004698610347118,0.8799295208447931,472.0736048909768,0.8880413747080413
eta_total,0.23888888888888887,no_mux,100,1,1.0,0,1000,124.0947073935383,0.07645074757474211,0.885323878637887,767.4840676212257,0.9402068735402068
eta_total,0.2911111111111111,no_mux,100,1,1.0,0,1000,201.56993859436625,0.07257600747692455,0.8911359887846131,1155.5515774760531,0.947681014347681
eta_total,0.34333333333333327,no_mux,100,1,1.0,0,1000,313.22910790967234,0.06863713073012105,0.8970443039048186,1667.8598035793918,0.9573840507173841
eta_total,0.39555555555555555,no_mux,100,1,1.0,0,1000,412.91900785357404,0.06881103040400957,0.8967834543939855,2198.349366646053,0.9506573239906573
eta_total,0.4477777777777777,no_mux,100,1,1.0,0,1000,516.5977530024564,0.06838886802439045,0.8974166979634142,2783.0584646109423,0.9842575909242576
eta_total,0.5,no_mux,100,1,1.0,0,1000,668.3215432107748,0.06832660546715953,0.8975100917992608,3484.855780203737,0.9667734401067735
alpha,0.1,no_mux,100,1,1.0,0,1000,390.8535200643781,0.06945151198257227,0.8958227320261417,2117.3671483519793,0.9517917917917917
alpha,0.11333333333333334,no_mux,100,1,1.0,0,1000,386.66687410194334,0.06970083314502461,0.8954487502824631,2084.9532388810844,0.945085085085085
alpha,0.12666666666666668,no_mux,100,1,1.0,0,1000,366.3873733578094,0.06988634530207045,0.8951704820468942,2011.803879786553,0.9518651985318652
alpha,0.14,no_mux,100,1,1.0,0,1000,370.53651917846895,0.06888357316884705,0.8966746402467294,2003.3983452247905,0.9622822822822823
alpha,0.15333333333333332,no_mux,100,1,1.0,0,1000,350.7720179427154,0.06959741645223053,0.8956038753216543,1932.135817090442,0.9592726059392727
alpha,0.16666666666666669,no_mux,100,1,1.0,0,1000,338.34404193351327,0.07092444518796141,0.8936133322180579,1881.4179084965938,0.9418818818818819
alpha,0.18,no_mux,100,1,1.0,0,1000,342.9343143490194,0.07019730519361618,0.8947040422095756,1869.5678855972262,0.9488088088088088
alpha,0.19333333333333333,no_mux,100,1,1.0,0,1000,327.15803680735786,0.07069056072230326,0.893964158916545,1818.5814972799676,0.9437971304637971
alpha,0.20666666666666667,no_mux,100,1,1.0,0,1000,332.3722755192374,0.06968863332807529,0.895467050007887,1805.9912412731894,0.9503303303303303
alpha,0.22,no_mux,100,1,1.0,0,1000,321.7611819206457,0.07027777217108382,0.8945833417433743,1754.4154919327402,0.9409409409409409
V,0.8,no_mux,100,1,1.0,0,1000,5.324027844519497,0.22391345290068207,0.664129820648977,1435.831557954302,0.004037370704037371
V,0.8211111111111111,no_mux,100,1,1.0,0,1000,6.588177209196661,0.2039158571919553,0.694126214212067,1515.7142116770394,0.004264264264264264
V,0.8422222222222222,no_mux,100,1,1.0,0,1000,15.109352583461321,0.18733812691798066,0.7189928096230289,1545.154607916913,0.07812479145812479
V,0.8633333333333334,no_mux,100,1,1.0,0,1000,24.735672318070407,0.1688544174682734,0.7467183737975899,1577.637192041479,0.06612612612612613
V,0.8844444444444445,no_mux,100,1,1.0,0,1000,38.01802363168596,0.1436829359536017,0.7844755960695974,1648.9158933203573,0.2938338338338338
V,0.9055555555555556,no_mux,100,1,1.0,0,1000,82.74451687186094,0.12246512578682497,0.8163023113197626,1709.7871781556673,0.29023023023023026
V,0.9266666666666666,no_mux,100,1,1.0,0,1000,174.76159503448727,0.0986346525136147,0.8520480212295779,1785.185843992088,0.6302369035702369
V,0.9477777777777778,no_mux,100,1,1.0,0,1000,332.48249667508526,0.07218130756346967,0.8917280386547954,1885.822696028976,0.9484284284284284
V,0.9688888888888889,no_mux,100,1,1.0,0,1000,547.9578641628794,0.044729949150392655,0.9329050762744111,1985.2517890556153,0.9982182182182182
V,0.99,no_mux,100,1,1.0,0,1000,800.7302253863014,0.017871833132707248,0.9731922503009391,2036.5641955155168,1.0
P_BSM,0.1,no_mux,100,1,1.0,1,1000,29.48675482848672,0.06009065591326742,0.9098640161300988,89.90277528147581,0.9928194861528195
P_BSM,0.2,no_mux,100,1,1.0,1,1000,59.49123065849842,0.05927945993167441,0.9110808101024884,198.21281369134678,0.9932465799132466
P_BSM,0.30000000000000004,no_mux,100,1,1.0,1,1000,69.45484022230582,0.061275419977272594,0.908086870034091,261.7078123054874,0.994300967634301
P_BSM,0.4,no_mux,100,1,1.0,1,1000,113.89587806243786,0.06012087534772646,0.9098186869784104,446.03252634012006,0.9886286286286287
P_BSM,0.5,no_mux,100,1,1.0,1,1000,150.41617112217813,0.061107617167080665,0.908338574249379,620.5561414522659,0.9838371705038371
P_BSM,0.6,no_mux,100,1,1.0,1,1000,198.33247209264957,0.060192240844384806,0.9097116387334226,854.0446556361843,0.994280947614281
P_BSM,0.7000000000000001,no_mux,100,1,1.0,1,1000,258.1225362004879,0.05974316651809849,0.9103852502228522,1139.225434404705,0.9931931931931932
P_BSM,0.8,no_mux,100,1,1.0,1,1000,309.2563887168271,0.06083976693805189,0.908740349592922,1424.0040541406406,0.9885485485485486
P_BSM,0.9,no_mux,100,1,1.0,1,1000,378.9382105829852,0.06058284584459434,0.9091257312331085,1777.8458285988559,0.9910377043710377
P_BSM,1.0,no_mux,100,1,1.0,1,1000,469.20625489195845,0.05963178451958359,0.9105523232206247,2199.8073888997924,0.9925992659325993
T_coh,0.01,no_mux,100,1,1.0,1,1000,356.2046830954793,0.07282807994463582,0.8907578800830462,2117.757062809098,0.956016016016016
T_coh,0.021544346900318832,no_mux,100,1,1.0,1,1000,444.2642391910504,0.06266612810423512,0.9060008078436471,2207.442645221038,0.9965031698365032
T_coh,0.046415888336127774,no_mux,100,1,1.0,1,1000,461.2017542524673,0.06030198520624088,0.9095470221906388,2190.491453249638,0.9923990657323991
T_coh,0.1,no_mux,100,1,1.0,1,1000,478.15086277584714,0.05819767473642189,0.912703487895367,2197.948089006015,0.9989322655989322
T_coh,0.21544346900318834,no_mux,100,1,1.0,1,1000,485.23960939351224,0.05762140099174095,0.9135678985123886,2197.5388056914107,0.9991591591591592
T_coh,0.46415888336127775,no_mux,100,1,1.0,1,1000,490.57051683043863,0.05677374834828938,0.9148393774775658,2206.327630705602,0.9994127460794128
T_coh,1.0,no_mux,100,1,1.0,1,1000,472.3699130287472,0.05795218256113066,0.9130717261583041,2160.6232118053163,0.9991524858191525
T_coh,2.154434690031882,no_mux,100,1,1.0,1,1000,469.19225825984455,0.05794924798338358,0.9130761280249247,2154.5359362192594,0.9991257924591258
T_coh,4.6415888336127775,no_mux,100,1,1.0,1,1000,467.6528898468745,0.058198646734485576,0.9127020298982716,2150.812821185509,0.9987454120787455
T_coh,10.0,no_mux,100,1,1.0,1,1000,459.127809099339,0.05826883097819616,0.9125967535327058,2124.097911266976,0.9991991991991992
eta_total,0.03,no_mux,100,1,1.0,1,1000,0.0,,,0.0,0.0
eta_total,0.08222222222222222,no_mux,100,1,1.0,1,1000,6.734588493685616,0.11335694492331985,0.8299645826150203,99.28614648043926,0.4712512512512512
eta_total,0.13444444444444442,no_mux,100,1,1.0,1,1000,44.29174268835652,0.07727374773899183,0.8840893783915122,288.61852899224095,0.943677010343677
eta_total,0.18666666666666665,no_mux,100,1,1.0,1,1000,98.0981388588597,0.06913604640614486,0.8962959303907828,548.3252643207777,0.9687487487487487
eta_total,0.23888888888888887,no_mux,100,1,1.0,1,1000,173.72093113900334,0.06510886645494408,0.9023367003175838,899.2475735007611,0.9927460794127461
eta_total,0.2911111111111111,no_mux,100,1,1.0,1,1000,281.2398655547358,0.0615368357772053,0.907694746334192,1364.7760761896157,0.9947881214547881
eta_total,0.34333333333333327,no_mux,100,1,1.0,1,1000,397.49308568787603,0.06049523816367673,0.9092571427544849,1900.6399633765757,0.9928995662328995
eta_total,0.39555555555555555,no_mux,100,1,1.0,1,1000,552.226102543092,0.058761086586394264,0.9118583701204086,2561.2630446414164,0.9960360360360361
eta_total,0.4477777777777777,no_mux,100,1,1.0,1,1000,673.267183958133,0.060011081754867385,0.9099833773676987,3175.4848148933725,0.998752085418752
eta_total,0.5,no_mux,100,1,1.0,1,1000,866.7252096845123,0.058678253103432346,0.9119826203448516,4009.997688766606,0.9989255922589256
alpha,0.1,no_mux,100,1,1.0,1,1000,511.37492847082234,0.06029544458451428,0.9095568331232285,2426.241147524735,0.9848248248248248
alpha,0.11333333333333334,no_mux,100,1,1.0,1,1000,516.4437373081811,0.05939075396760724,0.9109138690485891,2420.0678582208475,0.9922522522522522
alpha,0.12666666666666668,no_mux,100,1,1.0,1,1000,492.0966037159293,0.0597860610261021,0.9103209084608468,2337.5047134941165,0.9958491825158492
alpha,0.14,no_mux,100,1,1.0,1,1000,474.57210346331357,0.06099686734289203,0.908504698985662,2281.770048566018,0.9941141141141141
alpha,0.15333333333333332,no_mux,100,1,1.0,1,1000,486.36677835655564,0.059690892708683906,0.9104636609369742,2286.5723941170513,0.9945211878545211
alpha,0.16666666666666669,no_mux,100,1,1.0,1,1000,489.86042377863896,0.05884107916149446,0.9117383812577584,2268.0788368798867,0.9950016683350017
alpha,0.18,no_mux,100,1,1.0,1,1000,470.7057040784492,0.05979981122317731,0.9103002831652339,2203.816094938109,0.9867067067067067
alpha,0.19333333333333333,no_mux,100,1,1.0,1,1000,457.8157364970706,0.05948929908642612,0.9107660513703607,2155.996819889035,0.995709042375709
alpha,0.20666666666666667,no_mux,100,1,1.0,1,1000,432.8947258695614,0.060964006190138476,0.9085539907147923,2073.9680221416193,0.9920186853520186
alpha,0.22,no_mux,100,1,1.0,1,1000,413.6972191129503,0.06140544686713627,0.9078918296992955,2012.5874130883167,0.9917250583917251
V,0.8,no_mux,100,1,1.0,1,1000,5.910683976400468,0.2014817016254662,0.6977774475618007,1688.1222380252648,0.004571237904571238
V,0.8211111111111111,no_mux,100,1,1.0,1,1000,8.962539089005169,0.18158265602527213,0.7276260159620919,1789.547739983886,0.006052719386052719
V,0.8422222222222222,no_mux,100,1,1.0,1,1000,18.554315152012798,0.1649181442448321,0.7526227836327519,1820.5835526455196,0.09798465131798464
V,0.8633333333333334,no_mux,100,1,1.0,1,1000,37.448146551085195,0.14628378838312633,0.7805743174253105,1879.8773670324397,0.09969302635969303
V,0.8844444444444445,no_mux,100,1,1.0,1,1000,55.2571119899454,0.12873468894054035,0.8068979665891896,1916.7597790468822,0.4570303636970304
V,0.9055555555555556,no_mux,100,1,1.0,1,1000,134.5791623473182,0.10606641319029123,0.8409003802145633,2013.578430421743,0.49982649315982647
V,0.9266666666666666,no_mux,100,1,1.0,1,1000,268.03684249908946,0.08409582295344159,0.8738562655698378,2121.3128682056777,0.8540540540540541
V,0.9477777777777778,no_mux,100,1,1.0,1,1000,433.4070557383181,0.06275526897565457,0.9058670965365181,2154.4565168904464,0.99331998665332
V,0.9688888888888889,no_mux,100,1,1.0,1,1000,652.9980922378608,0.03962051816309767,0.9405692227553536,2235.9075702862283,1.0
V,0.99,no_mux,100,1,1.0,1,1000,920.7023671515697,0.015404011271384995,0.9768939830929225,2289.2505895780723,1.0
P_BSM,0.1,no_mux,100,1,1.0,2,1000,26.071472819668145,0.06796088608134769,0.8980586708779785,76.56639076450044,0.9744277610944277
P_BSM,0.2,no_mux,100,1,1.0,2,1000,34.8622632587814,0.06714316744091556,0.8992852488386267,119.64802984191277,0.9808341675008342
P_BSM,0.30000000000000004,no_mux,100,1,1.0,2,1000,55.69354764977516,0.0677375782595304,0.8983936326107046,208.32960374443854,0.9750817484150818
P_BSM,0.4,no_mux,100,1,1.0,2,1000,81.65432811065389,0.06816222776905231,0.8977566583464215,327.0771862273827,0.9723790457123791
P_BSM,0.5,no_mux,100,1,1.0,2,1000,118.33204154941562,0.06646844876100264,0.9002973268584962,507.0434213337013,0.9794994994994995
P_BSM,0.6,no_mux,100,1,1.0,2,1000,143.84075355866594,0.06769032434670544,0.8984645134799418,667.3390809645749,0.9826426426426427
P_BSM,0.7000000000000001,no_mux,100,1,1.0,2,1000,186.2472605666327,0.06835219298438393,0.8974717105234241,908.9400208678417,0.9760894227560895
P_BSM,0.8,no_mux,100,1,1.0,2,1000,227.48178954201333,0.06905445661168041,0.8964183150824793,1170.1956728331654,0.9702235568902235
P_BSM,0.9,no_mux,100,1,1.0,2,1000,294.8953071380458,0.06751640973221607,0.8987253854016758,1541.619336397324,0.9778645311978645
P_BSM,1.0,no_mux,100,1,1.0,2,1000,334.1769484609251,0.0690682132226751,0.8963976801659873,1868.5139075496143,0.9778845512178845
T_coh,0.01,no_mux,100,1,1.0,2,1000,274.71994532975555,0.0802099625662713,0.8796850561505931,1902.1948370482366,0.9072672672672673
T_coh,0.021544346900318832,no_mux,100,1,1.0,2,1000,323.1669524255019,0.07225854739602788,0.8916121789059581,1898.1075085395464,0.9769903236569903
T_coh,0.046415888336127774,no_mux,100,1,1.0,2,1000,367.442090419752,0.06693754536038728,0.8995936819594191,1944.3396171399522,0.9824691358024691
T_coh,0.1,no_mux,100,1,1.0,2,1000,361.2101783157449,0.06633074322662819,0.9005038851600577,1900.5221344596305,0.9971504838171504
T_coh,0.21544346900318834,no_mux,100,1,1.0,2,1000,354.3151998522979,0.06659920384695363,0.9001011942295695,1874.1252180232484,0.996016016016016
T_coh,0.46415888336127775,no_mux,100,1,1.0,2,1000,370.99224050848045,0.06484183183203392,0.9027372522519491,1909.4050181262128,0.9980647313980647
T_coh,1.0,no_mux,100,1,1.0,2,1000,358.3410203206149,0.06566226948925892,0.9015065957661116,1873.0606963546907,0.9970503837170503
T_coh,2.154434690031882,no_mux,100,1,1.0,2,1000,379.35530674488996,0.0638478375454446,0.904228243681833,1923.3394069944447,0.9980246913580247
T_coh,4.6415888336127775,no_mux,100,1,1.0,2,1000,397.30138840186885,0.06251309173792288,0.9062303623931158,1957.3721589147333,0.9988121454788121
T_coh,10.0,no_mux,100,1,1.0,2,1000,371.9587300686317,0.06505439693168234,0.9024184046024766,1902.353612200114,0.9961094427761095
eta_total,0.03,no_mux,100,1,1.0,2,1000,0.0,,,0.0,0.0
eta_total,0.08222222222222222,no_mux,100,1,1.0,2,1000,3.8502332835392106,0.13115982495222944,0.8032602625716558,84.6736352734124,0.26384384384384385
eta_total,0.13444444444444442,no_mux,100,1,1.0,2,1000,29.78313990240901,0.08874333029341504,0.8668850045598775,249.57016471920141,0.8204938271604938
eta_total,0.18666666666666665,no_mux,100,1,1.0,2,1000,71.66446924032255,0.07791115111349545,0.8831332733297569,478.431393587101,0.9156222889556223
eta_total,0.23888888888888887,no_mux,100,1,1.0,2,1000,131.39122553433776,0.07319404056094764,0.8902089391585783,790.1229034488248,0.978345011678345
eta_total,0.2911111111111111,no_mux,100,1,1.0,2,1000,224.04665496359428,0.06868111108005477,0.8969783333799178,1217.767246902665,0.9777377377377378
eta_total,0.34333333333333327,no_mux,100,1,1.0,2,1000,316.54124950182876,0.06713512003310006,0.8992973199503498,1692.201359670813,0.9841641641641642
eta_total,0.39555555555555555,no_mux,100,1,1.0,2,1000,414.72522427982136,0.06706397819027807,0.899404032714583,2213.370099203615,0.9794861528194861
eta_total,0.4477777777777777,no_mux,100,1,1.0,2,1000,522.810234509777,0.06698410620340607,0.8995238406948909,2802.7930693022186,0.9961828495161829
eta_total,0.5,no_mux,100,1,1.0,2,1000,645.4223046165629,0.06726973511612476,0.8990953973258128,3457.387878406835,0.996322989656323
alpha,0.1,no_mux,100,1,1.0,2,1000,405.2542518808789,0.06687456540418331,0.8996881518937249,2159.2113295531267,0.9791257924591258
alpha,0.11333333333333334,no_mux,100,1,1.0,2,1000,399.7654307368299,0.06699727020900574,0.8995040946864915,2127.083918719615,0.978998998998999
alpha,0.12666666666666668,no_mux,100,1,1.0,2,1000,395.63795270803115,0.06681344499911944,0.8997798325013209,2088.5363624940774,0.9780780780780781
alpha,0.14,no_mux,100,1,1.0,2,1000,383.8425346110984,0.06690511438805277,0.8996423284179208,2043.3261168206227,0.97997997997998
alpha,0.15333333333333332,no_mux,100,1,1.0,2,1000,357.5217742359561,0.06884537296638045,0.8967319405504294,1960.8567596984324,0.9728128128128128
alpha,0.16666666666666669,no_mux,100,1,1.0,2,1000,354.5698942254772,0.06787918384459564,0.8981812242331066,1938.5116400594898,0.9831498164831498
alpha,0.18,no_mux,100,1,1.0,2,1000,336.81567805161353,0.06935917026608328,0.8959612446008749,1863.259874183689,0.9687487487487487
alpha,0.19333333333333333,no_mux,100,1,1.0,2,1000,343.4885113869267,0.06820911581110171,0.8976863262833474,1863.2526968095317,0.9733667000333667
alpha,0.20666666666666667,no_mux,100,1,1.0,2,1000,338.60230046008945,0.06824282215580248,0.8976357667662963,1837.5246523658923,0.9804471137804471
alpha,0.22,no_mux,100,1,1.0,2,1000,343.48999658858423,0.0666540642994502,0.9000189035508248,1823.6343771294823,0.985251918585252
V,0.8,no_mux,100,1,1.0,2,1000,5.218633872822614,0.2208258213270402,0.6687612680094397,1442.4577289455624,0.004004004004004004
V,0.8211111111111111,no_mux,100,1,1.0,2,1000,5.44706926821968,0.20043972536294333,0.6993404119555849,1524.5850717153228,0.0034434434434434434
V,0.8422222222222222,no_mux,100,1,1.0,2,1000,12.80539280504884,0.18379804864955623,0.7243029270256658,1553.6376560374372,0.057917917917917915
V,0.8633333333333334,no_mux,100,1,1.0,2,1000,23.462633721557044,0.16203578517912343,0.7569463222313149,1627.7072718663298,0.06112112112112112
V,0.8844444444444445,no_mux,100,1,1.0,2,1000,41.71312934499592,0.13825430437662822,0.7926185434350577,1725.600963506485,0.3362962962962963
V,0.9055555555555556,no_mux,100,1,1.0,2,1000,84.25381215076595,0.11896861475642201,0.821547077865367,1750.3790987492264,0.301654988321655
V,0.9266666666666666,no_mux,100,1,1.0,2,1000,172.25039893024638,0.0959338948583522,0.8560991577124718,1810.0124009737285,0.659346012679346
V,0.9477777777777778,no_mux,100,1,1.0,2,1000,333.41468719128693,0.07051577785356333,0.8942263332196551,1894.895864561647,0.9725992659325993
V,0.9688888888888889,no_mux,100,1,1.0,2,1000,532.8134817189817,0.04492021736402241,0.9326196739539664,1958.8246165593998,1.0
V,0.99,no_mux,100,1,1.0,2,1000,786.9548675702966,0.017827970170312415,0.9732580447445313,2012.8629451825789,1.0
P_BSM,0.1,no_mux,100,1,1.0,3,1000,24.140795580519043,0.0672003757230555,0.899199436415417,71.40978992800373,0.9761494828161494
P_BSM,0.2,no_mux,100,1,1.0,3,1000,32.388501377322555,0.06901949733667563,0.8964707539949867,110.61455390617299,0.967620954287621
P_BSM,0.30000000000000004,no_mux,100,1,1.0,3,1000,57.81561123833493,0.06711295421416166,0.8993305686787574,214.50783314539666,0.9790256923590257
P_BSM,0.4,no_mux,100,1,1.0,3,1000,77.53751821838891,0.0687334770457013,0.896899784431448,315.5525704008775,0.9675208541875209
P_BSM,0.5,no_mux,100,1,1.0,3,1000,115.89991592799593,0.06679394024397003,0.899809089634045,498.8653889918196,0.9798198198198198
P_BSM,0.6,no_mux,100,1,1.0,3,1000,145.930378408491,0.06782999862521562,0.8982550020621767,677.5562242354831,0.9770904237570904
P_BSM,0.7000000000000001,no_mux,100,1,1.0,3,1000,193.39286514859168,0.06765294122958869,0.8985205881556171,933.483879327407,0.9759492826159493
P_BSM,0.8,no_mux,100,1,1.0,3,1000,232.6039036421894,0.06827884509584618,0.8975817323562307,1196.6447638360996,0.9747480814147481
P_BSM,0.9,no_mux,100,1,1.0,3,1000,280.7208774949068,0.06955100300569804,0.8956734954914528,1510.0066373293735,0.968048048048048
P_BSM,1.0,no_mux,100,1,1.0,3,1000,353.2513034278588,0.06850462958847095,0.8972430556172937,1922.3027257508058,0.9716583249916583
T_coh,0.01,no_mux,100,1,1.0,3,1000,253.94083043873886,0.08222157495689346,0.8766676375646598,1861.2342052593087,0.894587921254588
T_coh,0.021544346900318832,no_mux,100,1,1.0,3,1000,312.1496315093523,0.07371743097446429,0.8894238535383036,1882.985944575864,0.9665265265265265
T_coh,0.046415888336127774,no_mux,100,1,1.0,3,1000,369.96048275723206,0.06690846447238814,0.8996373032914178,1963.5838462869835,0.9813346680013346
T_coh,0.1,no_mux,100,1,1.0,3,1000,366.3881058005515,0.06633093402345223,0.9005035989648217,1929.744930801044,0.995975975975976
T_coh,0.21544346900318834,no_mux,100,1,1.0,3,1000,364.26449719368685,0.06603428069929541,0.9009485789510568,1914.3099048986903,0.9960293626960294
T_coh,0.46415888336127775,no_mux,100,1,1.0,3,1000,372.810106957891,0.06498339117512496,0.9025249132373124,1928.4110008907128,0.9974174174174174
T_coh,1.0,no_mux,100,1,1.0,3,1000,376.964716563662,0.06467615927674027,0.9029857610848895,1928.4829735426235,0.996383049716383
T_coh,2.154434690031882,no_mux,100,1,1.0,3,1000,376.52149176447426,0.06464574574957473,0.9030313813756379,1928.9998297401899,0.9961761761761762
T_coh,4.6415888336127775,no_mux,100,1,1.0,3,1000,376.5046096251036,0.06494957731700898,0.9025756340244866,1923.8896302518576,0.9948948948948949
T_coh,10.0,no_mux,100,1,1.0,3,1000,373.39963713114525,0.06495901773920525,0.902561473391192,1920.8666161918982,0.9963363363363363
eta_total,0.03,no_mux,100,1,1.0,3,1000,0.0,,,0.0,0.0
eta_total,0.08222222222222222,no_mux,100,1,1.0,3,1000,4.407200222055297,0.1298035400419428,0.8052946899370859,86.26419040646017,0.28278945612278944
eta_total,0.13444444444444442,no_mux,100,1,1.0,3,1000,29.051363617567763,0.08920668198213251,0.8661899770268013,249.57527144423565,0.8264064064064064
eta_total,0.18666666666666665,no_mux,100,1,1.0,3,1000,71.37607360248421,0.07898614587791267,0.8815207811831308,481.8148795226826,0.8983516850183517
eta_total,0.23888888888888887,no_mux,100,1,1.0,3,1000,138.0315102706321,0.0720197992750298,0.8919703010874553,810.7620528703019,0.9803003003003004
eta_total,0.2911111111111111,no_mux,100,1,1.0,3,1000,202.78753892285837,0.07130360938941194,0.8930445859158822,1176.9605712625234,0.9701434768101435
eta_total,0.34333333333333327,no_mux,100,1,1.0,3,1000,310.0872904707425,0.06807160136215401,0.8978925979567689,1680.4669961447735,0.9723056389723056
eta_total,0.39555555555555555,no_mux,100,1,1.0,3,1000,424.6351930528999,0.06686761467328736,0.899698577990069,2248.713033425008,0.9770637303970637
eta_total,0.4477777777777777,no_mux,100,1,1.0,3,1000,509.41949849087473,0.06811191908903443,0.8978321213664484,2788.053541658558,0.9951351351351352
eta_total,0.5,no_mux,100,1,1.0,3,1000,641.4625308064368,0.06718886023951626,0.8992167096407256,3469.9929240828646,0.9966433099766433
alpha,0.1,no_mux,100,1,1.0,3,1000,391.4346182191526,0.06790498899455438,0.8981425165081683,2136.4077984920336,0.9766166166166166
alpha,0.11333333333333334,no_mux,100,1,1.0,3,1000,406.4155678875275,0.06658397912567274,0.9001240313114909,2152.906502145985,0.9817617617617618
alpha,0.12666666666666668,no_mux,100,1,1.0,3,1000,360.57466621867167,0.06939736179847181,0.8959039573022922,2018.0506264939963,0.9730864197530864
alpha,0.14,no_mux,100,1,1.0,3,1000,380.24740516164945,0.06773045283486576,0.8984043207477014,2041.3724240433967,0.9681748415081748
alpha,0.15333333333333332,no_mux,100,1,1.0,3,1000,363.89176840057246,0.06805653708909093,0.8979151943663636,1990.5239419814798,0.9768501835168502
alpha,0.16666666666666669,no_mux,100,1,1.0,3,1000,362.45937247682957,0.06739430240320703,0.8989085463951895,1959.7827669549868,0.9821755088421755
alpha,0.18,no_mux,100,1,1.0,3,1000,346.5518824358431,0.06831508895235308,0.8975273665714705,1907.3384447048043,0.9740607273940607
alpha,0.19333333333333333,no_mux,100,1,1.0,3,1000,353.8778174212832,0.06802986433233565,0.8979552035014965,1901.9289749549284,0.9688154821488155
alpha,0.20666666666666667,no_mux,100,1,1.0,3,1000,337.3297559391444,0.06817426877398294,0.8977385968390256,1844.9422850894784,0.9792726059392726
alpha,0.22,no_mux,100,1,1.0,3,1000,337.2461015350368,0.06790394299324774,0.8981440855101285,1820.1607693536087,0.9724524524524525
V,0.8,no_mux,100,1,1.0,3,1000,6.222175948765352,0.22128246390273748,0.6680763041458938,1466.773251599013,0.004811478144811478
V,0.8211111111111111,no_mux,100,1,1.0,3,1000,8.895500960291264,0.19936439484540142,0.700953407731898,1566.139406777893,0.005905905905905906
V,0.8422222222222222,no_mux,100,1,1.0,3,1000,14.771527147970396,0.18268530182400078,0.7259720472639989,1588.4429101713163,0.0567701034367701
V,0.8633333333333334,no_mux,100,1,1.0,3,1000,23.88035124053188,0.16319701628695382,0.7552044755695694,1633.7377993384441,0.05733733733733734
V,0.8844444444444445,no_mux,100,1,1.0,3,1000,39.16009559896891,0.1415332301722494,0.7877001547416259,1707.1728273862295,0.30026026026026026
V,0.9055555555555556,no_mux,100,1,1.0,3,1000,84.94345578375916,0.1195553730414207,0.8206669404378689,1764.230666773767,0.2972038705372039
V,0.9266666666666666,no_mux,100,1,1.0,3,1000,165.9405463026817,0.09711785191993014,0.8543232221201049,1813.425611932818,0.6425825825825826
V,0.9477777777777778,no_mux,100,1,1.0,3,1000,338.62174375845905,0.07015788698346463,0.894763169524803,1923.86390901719,0.9788788788788789
V,0.9688888888888889,no_mux,100,1,1.0,3,1000,524.9834058502341,0.04529349768232694,0.9320597534765096,1946.4206214999758,0.9999933266599933
V,0.99,no_mux,100,1,1.0,3,1000,805.1147859674883,0.017578583059274983,0.9736321254110876,2053.5617678544163,1.0
P_BSM,0.1,no_mux,100,1,1.0,4,1000,25.35222699684806,0.06455108606263932,0.9031733709060411,75.8974209806479,0.9941941941941942
P_BSM,0.2,no_mux,100,1,1.0,4,1000,42.40071479803411,0.06547064780604606,0.9017940282909308,141.16502283313463,0.9901701701701702
P_BSM,0.30000000000000004,no_mux,100,1,1.0,4,1000,54.657069357590345,0.06580867469747265,0.901286987953791,208.5982613242638,0.9925792459125793
P_BSM,0.4,no_mux,100,1,1.0,4,1000,82.69189802440592,0.06559991210980624,0.9016001318352906,338.7025215403876,0.9910577243910578
P_BSM,0.5,no_mux,100,1,1.0,4,1000,122.68402558509497,0.06549642987784461,0.901755355183233,521.1668839403297,0.9891491491491492
P_BSM,0.6,no_mux,100,1,1.0,4,1000,142.28225994444148,0.06706339825004773,0.8994049026249283,671.6922317657022,0.9898898898898899
P_BSM,0.7000000000000001,no_mux,100,1,1.0,4,1000,198.46500501313395,0.06661614385170041,0.9000757842224494,951.2200584672744,0.985679012345679
P_BSM,0.8,no_mux,100,1,1.0,4,1000,252.89696304888196,0.06585454154935677,0.901218187675965,1254.5575161420022,0.9882082082082082
P_BSM,0.9,no_mux,100,1,1.0,4,1000,315.12347018456563,0.06544272248974593,0.9018359162653811,1601.143579111288,0.9915248581915248
P_BSM,1.0,no_mux,100,1,1.0,4,1000,385.10997562061965,0.06512567882697762,0.9023114817595337,1998.8398139673366,0.9935535535535536
T_coh,0.01,no_mux,100,1,1.0,4,1000,284.8345939890286,0.07875320047407132,0.881870199288893,1934.6271428499942,0.9347080413747081
T_coh,0.021544346900318832,no_mux,100,1,1.0,4,1000,359.7141160854499,0.06919345738031107,0.8962098139295335,1992.8477911851624,0.9906906906906907
T_coh,0.046415888336127774,no_mux,100,1,1.0,4,1000,398.8387032520455,0.06443954977224421,0.9033406753416338,2031.154149955503,0.9928661995328661
T_coh,0.1,no_mux,100,1,1.0,4,1000,378.8110554626702,0.06473164366061927,0.9029025345090711,1954.9041633441896,0.9989856523189856
T_coh,0.21544346900318834,no_mux,100,1,1.0,4,1000,406.9441686932493,0.0625734862592182,0.9061397706111726,2002.2292478351271,0.9987721054387722
T_coh,0.46415888336127775,no_mux,100,1,1.0,4,1000,384.5551727346498,0.06382532259831726,0.9042620161025242,1945.8808808221397,0.9990857524190857
T_coh,1.0,no_mux,100,1,1.0,4,1000,405.65304759337874,0.061962654353315195,0.9070560184700271,1993.7275927979802,0.9995995995995997
T_coh,2.154434690031882,no_mux,100,1,1.0,4,1000,404.7384741530268,0.06204162608929475,0.9069375608660578,1986.8033814317782,0.9993993993993994
T_coh,4.6415888336127775,no_mux,100,1,1.0,4,1000,402.3936776051419,0.06252369089699228,0.9062144636545115,1984.0609614350928,0.9990056723390057
T_coh,10.0,no_mux,100,1,1.0,4,1000,411.60461419518344,0.06173389609877164,0.9073991558518426,1998.4682985007119,0.9992992992992993
eta_total,0.03,no_mux,100,1,1.0,4,1000,0.0,,,0.0,0.0
eta_total,0.08222222222222222,no_mux,100,1,1.0,4,1000,4.938976070636052,0.12325092070715694,0.8151236189392645,90.511020930216,0.33346012679346015
eta_total,0.13444444444444442,no_mux,100,1,1.0,4,1000,30.616153159047357,0.08746401281264721,0.8688039807810292,253.24712313724012,0.8450717384050718
eta_total,0.18666666666666665,no_mux,100,1,1.0,4,1000,77.49414183088632,0.0759979764993784,0.8860030352509324,495.7903632098224,0.9420487153820487
eta_total,0.23888888888888887,no_mux,100,1,1.0,4,1000,148.7660852077929,0.06912259472716027,0.8963161079092595,837.3009923415835,0.994954954954955
eta_total,0.2911111111111111,no_mux,100,1,1.0,4,1000,221.09464338370023,0.06808429524256891,0.8978735571361466,1219.8756844498957,0.9888955622288955
eta_total,0.34333333333333327,no_mux,100,1,1.0,4,1000,334.581448237437,0.06533372168821536,0.9019994174676769,1736.5325446819627,0.9928795462128795
eta_total,0.39555555555555555,no_mux,100,1,1.0,4,1000,460.1062743952243,0.06406542534940259,0.903901861975896,2330.8352619038274,0.9940607273940607
eta_total,0.4477777777777777,no_mux,100,1,1.0,4,1000,571.5825818070928,0.06440647039083958,0.9033902944137406,2928.900514762077,0.9986052719386053
eta_total,0.5,no_mux,100,1,1.0,4,1000,751.8512805577086,0.06313600669398896,0.9052959899590166,3737.0870889094417,0.9986986986986987
alpha,0.1,no_mux,100,1,1.0,4,1000,428.2170694643782,0.06524409011259998,0.9021338648310999,2221.4386800396965,0.9858591925258592
alpha,0.11333333333333334,no_mux,100,1,1.0,4,1000,434.2983629152157,0.06433967223604542,0.9034904916459321,2215.332711522051,0.9915782449115782
alpha,0.12666666666666668,no_mux,100,1,1.0,4,1000,406.9398245564444,0.06585176455927123,0.9012223531610932,2129.0866884533384,0.9865532198865532
alpha,0.14,no_mux,100,1,1.0,4,1000,383.32934815481093,0.06670687241133984,0.8999396913829903,2052.336415672409,0.9876676676676677
alpha,0.15333333333333332,no_mux,100,1,1.0,4,1000,386.0539816622201,0.06578455951764293,0.9013231607235355,2035.9813857822658,0.991398064731398
alpha,0.16666666666666669,no_mux,100,1,1.0,4,1000,410.94789490266345,0.06409793486108217,0.9038530977083767,2078.7735856574636,0.9930397063730397
alpha,0.18,no_mux,100,1,1.0,4,1000,373.99222776560373,0.06573958038412044,0.9013906294238193,1970.899090613633,0.9932332332332332
alpha,0.19333333333333333,no_mux,100,1,1.0,4,1000,359.1105180378252,0.06620029873235368,0.9006995519014696,1914.2411969992556,0.9911845178511846
alpha,0.20666666666666667,no_mux,100,1,1.0,4,1000,365.01790986757953,0.06555961925532536,0.9016605711170119,1897.5013232327706,0.9873873873873874
alpha,0.22,no_mux,100,1,1.0,4,1000,342.73001548584335,0.06682499381464954,0.8997625092780259,1832.5449650994221,0.9892826159492826
V,0.8,no_mux,100,1,1.0,4,1000,6.116193790348468,0.2110211375533329,0.6834682936700006,1556.0092975010991,0.004698031364698031
V,0.8211111111111111,no_mux,100,1,1.0,4,1000,7.758396445184202,0.19801552857477092,0.7029767071378437,1564.1162732995094,0.005098431765098432
V,0.8422222222222222,no_mux,100,1,1.0,4,1000,17.673533935072257,0.17562301057266844,0.7365654841409973,1663.8587230736086,0.07923256589923257
V,0.8633333333333334,no_mux,100,1,1.0,4,1000,28.865016834904175,0.15675841453740746,0.7648623781938888,1716.7510225964984,0.06896229562896229
V,0.8844444444444445,no_mux,100,1,1.0,4,1000,43.38864526916157,0.13757607329241295,0.7936358900613806,1748.5913466034997,0.3330730730730731
V,0.9055555555555556,no_mux,100,1,1.0,4,1000,98.60943860238983,0.1147384032398438,0.8278923951402343,1838.2317487566925,0.3488088088088088
V,0.9266666666666666,no_mux,100,1,1.0,4,1000,188.81076848551422,0.09337256612963911,0.8599411508055413,1873.029712458831,0.6974240907574241
V,0.9477777777777778,no_mux,100,1,1.0,4,1000,359.2322766720126,0.06784934316522813,0.898225985252158,1973.816586281484,0.9924724724724725
V,0.9688888888888889,no_mux,100,1,1.0,4,1000,582.5761779312207,0.042433967997369565,0.9363490480039456,2072.494448876599,1.0
V,0.99,no_mux,100,1,1.0,4,1000,844.9161421404802,0.016710305174768902,0.9749345422378467,2132.3868877785153,1.0
P_BSM,0.1,no_mux,100,1,1.0,5,1000,19.842418379603554,0.06925995910967261,0.8961100613354911,58.58990049877742,0.9762228895562229
P_BSM,0.2,no_mux,100,1,1.0,5,1000,34.72244431281829,0.06744975059889581,0.8988253741016564,117.42264989317451,0.9840974307640974
P_BSM,0.30000000000000004,no_mux,100,1,1.0,5,1000,42.92436490603284,0.0688467963217105,0.8967298055174343,168.60382681288826,0.9857057057057057
P_BSM,0.4,no_mux,100,1,1.0,5,1000,74.86869436158392,0.06811061376439899,0.8978340793534016,308.2213538299564,0.9804938271604938
P_BSM,0.5,no_mux,100,1,1.0,5,1000,94.04555544337634,0.06931708545682631,0.8960243718147606,430.11119036999133,0.9802068735402069
P_BSM,0.6,no_mux,100,1,1.0,5,1000,137.99534213851229,0.06886175632838369,0.8967073655074245,651.4952216921143,0.9696896896896897
P_BSM,0.7000000000000001,no_mux,100,1,1.0,5,1000,176.38705081400502,0.06855554080505503,0.8971666887924173,886.4928688790194,0.9750950950950951
P_BSM,0.8,no_mux,100,1,1.0,5,1000,239.43280436555156,0.06764308812516737,0.898535367812249,1218.663221884784,0.9797464130797464
P_BSM,0.9,no_mux,100,1,1.0,5,1000,278.2150714124536,0.06952268930042933,0.895715966049356,1511.2269823548831,0.9703503503503503
P_BSM,1.0,no_mux,100,1,1.0,5,1000,340.2854828200915,0.0685970781852107,0.897104382722184,1892.5512833276239,0.9793660326993661
T_coh,0.01,no_mux,100,1,1.0,5,1000,232.62529506874077,0.08382178557241889,0.8742673216413717,1804.3735509040246,0.8852452452452453
T_coh,0.021544346900318832,no_mux,100,1,1.0,5,1000,301.8632971793165,0.07364638287042806,0.889530425694358,1861.8767077496618,0.9767967967967968
T_coh,0.046415888336127774,no_mux,100,1,1.0,5,1000,348.102008573141,0.06798574554615337,0.8980213816807698,1912.478825774787,0.9831364698031365
T_coh,0.1,no_mux,100,1,1.0,5,1000,350.25042461003574,0.06682296209526636,0.8997655568571005,1896.3470897741015,0.9978778778778779
T_coh,0.21544346900318834,no_mux,100,1,1.0,5,1000,356.49499128155327,0.06621171233311703,0.9006824315003246,1895.5363674596185,0.9974441107774441
T_coh,0.46415888336127775,no_mux,100,1,1.0,5,1000,377.5365120605231,0.06422588943108218,0.9036611658533766,1939.4367205253545,0.9984584584584585
T_coh,1.0,no_mux,100,1,1.0,5,1000,360.5951651408197,0.06566692149451277,0.9014996177582311,1899.4844762451182,0.9974040707374041
T_coh,2.154434690031882,no_mux,100,1,1.0,5,1000,367.5599519056458,0.06506399892605959,0.9024040016109105,1916.0576582899891,0.9972305638972305
T_coh,4.6415888336127775,no_mux,100,1,1.0,5,1000,361.06712856419205,0.06544962626778508,0.9018255605983222,1901.6667153942199,0.9966966966966967
T_coh,10.0,no_mux,100,1,1.0,5,1000,376.8214281569116,0.06437467616912931,0.9034379857463061,1934.1535243883582,0.9972972972972973
eta_total,0.03,no_mux,100,1,1.0,5,1000,0.0,,,0.0,0.0
eta_total,0.08222222222222222,no_mux,100,1,1.0,5,1000,3.780046896002148,0.12997812050615742,0.8050328192407638,85.2053642219773,0.2507574240907574
eta_total,0.13444444444444442,no_mux,100,1,1.0,5,1000,25.897256644747436,0.09112057344081959,0.8633191398387706,241.855982164369,0.8185385385385385
eta_total,0.18666666666666665,no_mux,100,1,1.0,5,1000,66.4557602391726,0.08028620934778594,0.879570685978321,468.8916970799848,0.8962962962962963
eta_total,0.23888888888888887,no_mux,100,1,1.0,5,1000,129.4671075342226,0.07349739170610481,0.8897539124408428,792.3429632945887,0.9804537871204538
eta_total,0.2911111111111111,no_mux,100,1,1.0,5,1000,208.58501970714937,0.07024844731095825,0.8946273290335627,1191.513391095934,0.9778712045378712
eta_total,0.34333333333333327,no_mux,100,1,1.0,5,1000,293.99171204771125,0.06912466821224841,0.8963129976816273,1652.1329828662974,0.9795662328995662
eta_total,0.39555555555555555,no_mux,100,1,1.0,5,1000,408.4210583381037,0.0674992696074718,0.8987510955887924,2219.2936321985594,0.9828762095428762
eta_total,0.4477777777777777,no_mux,100,1,1.0,5,1000,544.5112309248357,0.06616055303085668,0.9007591704537151,2876.5683285491627,0.9970103436770104
eta_total,0.5,no_mux,100,1,1.0,5,1000,647.428414760373,0.06695365340765738,0.8995695198885141,3504.4113490414543,0.9969836503169837
alpha,0.1,no_mux,100,1,1.0,5,1000,388.235272856784,0.06807917223843961,0.8978812416423407,2129.993107397623,0.9764564564564565
alpha,0.11333333333333334,no_mux,100,1,1.0,5,1000,371.0014136890112,0.06866744201819695,0.8969988369727047,2070.171739012872,0.9795195195195195
alpha,0.12666666666666668,no_mux,100,1,1.0,5,1000,366.015931770473,0.06836652421558417,0.8974502136766238,2035.9414688100685,0.9785852519185853
alpha,0.14,no_mux,100,1,1.0,5,1000,366.1280965879951,0.0681993513347378,0.8977009729978933,2016.067508320191,0.9793526860193527
alpha,0.15333333333333332,no_mux,100,1,1.0,5,1000,344.4107150120618,0.06924217742624812,0.8961367338606279,1943.2413163871856,0.9749349349349349
alpha,0.16666666666666669,no_mux,100,1,1.0,5,1000,337.48837217963387,0.06965380146514727,0.8955192978022791,1905.9222379520045,0.9705505505505505
alpha,0.18,no_mux,100,1,1.0,5,1000,355.02743748510676,0.06779211783578931,0.898311823246316,1930.337431992642,0.9802268935602269
alpha,0.19333333333333333,no_mux,100,1,1.0,5,1000,320.1597790097539,0.0701368503413008,0.8947947244880489,1824.3309017601941,0.9674607941274608
alpha,0.20666666666666667,no_mux,100,1,1.0,5,1000,333.8526382003564,0.06827823830004415,0.8975826425499337,1835.4102840737519,0.9807007007007007
alpha,0.22,no_mux,100,1,1.0,5,1000,318.5067387399655,0.06962992471197171,0.8955551129320424,1784.3208190593634,0.9685018351685019
V,0.8,no_mux,100,1,1.0,5,1000,5.80469084657777,0.2225960426726675,0.6661059359909987,1437.8859358609052,0.0045045045045045045
V,0.8211111111111111,no_mux,100,1,1.0,5,1000,6.764612527902687,0.20627111575986795,0.6905933263601981,1475.2856017552044,0.004437771104437771
V,0.8422222222222222,no_mux,100,1,1.0,5,1000,12.994883043185514,0.18381457890606692,0.7242781316408996,1564.1597525497473,0.04998998998998999
V,0.8633333333333334,no_mux,100,1,1.0,5,1000,21.326793156026763,0.16540541305645848,0.7518918804153123,1604.9698491473132,0.04741408074741408
V,0.8844444444444445,no_mux,100,1,1.0,5,1000,32.258820295796085,0.14253231432482324,0.786201528512765,1680.6929191284594,0.2721855188521855
V,0.9055555555555556,no_mux,100,1,1.0,5,1000,72.63872042430906,0.12060189029431705,0.8190971645585244,1726.7418296415344,0.2668868868868869
V,0.9266666666666666,no_mux,100,1,1.0,5,1000,164.03509118223764,0.09656470993690808,0.8551529350946379,1806.4764006171995,0.6594260927594261
V,0.9477777777777778,no_mux,100,1,1.0,5,1000,331.87385628215964,0.07081691137403633,0.8937746329389453,1914.2247739921,0.9712712712712712
V,0.9688888888888889,no_mux,100,1,1.0,5,1000,512.5427884598975,0.046142610125933244,0.9307860848111001,1925.9099277178068,1.0
V,0.99,no_mux,100,1,1.0,5,1000,805.4232402558481,0.01742987131276529,0.9738551930308522,2054.1695497896976,1.0
P_BSM,0.1,no_mux,100,1,1.0,6,1000,19.389947280833045,0.07245524978959643,0.8913171253156054,56.64753480982734,0.9572439105772439
P_BSM,0.2,no_mux,100,1,1.0,6,1000,32.859907819583405,0.07132786418536675,0.8930082037219499,108.77136029642999,0.9617350684017351
P_BSM,0.30000000000000004,no_mux,100,1,1.0,6,1000,42.17099395511088,0.07185888207016573,0.8922116768947513,161.8492713537543,0.9679212545879212
P_BSM,0.4,no_mux,100,1,1.0,6,1000,73.4125122982811,0.07037619378723362,0.8944357093191497,298.1006351415838,0.9704771438104771
P_BSM,0.5,no_mux,100,1,1.0,6,1000,92.77921431767672,0.07150904746566548,0.8927364288015016,417.9081096388871,0.9718918918918918
P_BSM,0.6,no_mux,100,1,1.0,6,1000,128.84476880292152,0.07080612964867641,0.8937908055269855,619.4924377707742,0.9695095095095095
P_BSM,0.7000000000000001,no_mux,100,1,1.0,6,1000,155.87096769723757,0.07246634395464417,0.8913004840680339,815.1953800077645,0.9547013680347014
P_BSM,0.8,no_mux,100,1,1.0,6,1000,212.20297082417622,0.07093741491078216,0.8935938776338267,1137.8330246128537,0.975015015015015
P_BSM,0.9,no_mux,100,1,1.0,6,1000,247.89911335823788,0.07243557936269482,0.8913466309559578,1428.1527717346708,0.9651985318651986
P_BSM,1.0,no_mux,100,1,1.0,6,1000,311.33978424776427,0.07158257399070339,0.8926261390139449,1828.1238190371691,0.968702035368702
T_coh,0.01,no_mux,100,1,1.0,6,1000,232.45317664464753,0.08538960032602105,0.8719155995109684,1804.138421564764,0.8508441775108442
T_coh,0.021544346900318832,no_mux,100,1,1.0,6,1000,275.5506814496818,0.07707799978677954,0.8843830003198307,1799.535901638502,0.959245912579246
T_coh,0.046415888336127774,no_mux,100,1,1.0,6,1000,308.9774328600122,0.07253377753855719,0.8911993336921641,1831.1061910744536,0.9572305638972306
T_coh,0.1,no_mux,100,1,1.0,6,1000,317.39544271751987,0.0704147470196771,0.8943778794704843,1815.2040351355508,0.9897364030697364
T_coh,0.21544346900318834,no_mux,100,1,1.0,6,1000,322.83972863282366,0.06949087658509374,0.8957636851223593,1810.5581393882446,0.9922589255922589
T_coh,0.46415888336127775,no_mux,100,1,1.0,6,1000,339.16262416100335,0.06801940441819496,0.8979708933727076,1851.293713853621,0.9946012679346012
T_coh,1.0,no_mux,100,1,1.0,6,1000,346.7115541605609,0.06735766147884453,0.8989635077817333,1863.6749965557226,0.9910243576910244
T_coh,2.154434690031882,no_mux,100,1,1.0,6,1000,350.1158437422945,0.06693650831002983,0.8995952375349554,1871.8768939031756,0.9956423089756423
T_coh,4.6415888336127775,no_mux,100,1,1.0,6,1000,347.4240944354277,0.06729395032058146,0.8990590745191278,1860.996201889277,0.9934067400734068
T_coh,10.0,no_mux,100,1,1.0,6,1000,349.4739173589268,0.06743044530199449,0.8988543320470084,1870.8324711372736,0.9937737737737737
eta_total,0.03,no_mux,100,1,1.0,6,1000,0.0,,,0.0,0.0
eta_total,0.08222222222222222,no_mux,100,1,1.0,6,1000,3.9126010295319507,0.1350234968581353,0.797464754712797,82.51358175819675,0.22754754754754755
eta_total,0.13444444444444442,no_mux,100,1,1.0,6,1000,24.52033757929906,0.09360993037688613,0.8595851044346708,237.09013390948036,0.7741474808141475
eta_total,0.18666666666666665,no_mux,100,1,1.0,6,1000,61.70771618173241,0.0831490095515462,0.8752764856726807,459.93875175052915,0.8635568902235569
eta_total,0.23888888888888887,no_mux,100,1,1.0,6,1000,118.40283377803183,0.07669927568581889,0.8849510864712716,763.9889019836842,0.9600066733400067
eta_total,0.2911111111111111,no_mux,100,1,1.0,6,1000,187.04805316933516,0.07347428202625751,0.8897885769606138,1143.6086029361884,0.9695762429095762
eta_total,0.34333333333333327,no_mux,100,1,1.0,6,1000,274.174772412123,0.07148520210043316,0.8927721968493503,1602.2157083092177,0.9721988655321989
eta_total,0.39555555555555555,no_mux,100,1,1.0,6,1000,361.88011596984245,0.0713906979755594,0.892913953036661,2107.769012811872,0.9621955288621955
eta_total,0.4477777777777777,no_mux,100,1,1.0,6,1000,492.2821518718499,0.06959175784083403,0.8956123632387492,2755.137994327884,0.9929529529529529
eta_total,0.5,no_mux,100,1,1.0,6,1000,580.6093487463996,0.0706051735727681,0.8940922396408479,3340.167675473777,0.9891891891891892
alpha,0.1,no_mux,100,1,1.0,6,1000,338.6643899560344,0.07238195767231391,0.8914270634915292,2004.823777791625,0.951011011011011
alpha,0.11333333333333334,no_mux,100,1,1.0,6,1000,343.97744970233356,0.07101806640141117,0.8934729003978834,2002.674408667664,0.9685485485485485
alpha,0.12666666666666668,no_mux,100,1,1.0,6,1000,333.46093586229676,0.07146389826052009,0.89280415260922,1960.6192612690347,0.9681414748081415
alpha,0.14,no_mux,100,1,1.0,6,1000,323.36372041717624,0.07203186821256875,0.8919521976811468,1911.0313228712887,0.9590256923590257
alpha,0.15333333333333332,no_mux,100,1,1.0,6,1000,324.99384223996475,0.07147104670306036,0.8927934299454094,1893.1523842625488,0.9616950283616951
alpha,0.16666666666666669,no_mux,100,1,1.0,6,1000,325.4069463138944,0.07111234889233226,0.8933314766615017,1875.8199733261893,0.9645445445445445
alpha,0.18,no_mux,100,1,1.0,6,1000,316.5525987036152,0.07122266293236977,0.8931660056014453,1844.613920842645,0.9692826159492827
alpha,0.19333333333333333,no_mux,100,1,1.0,6,1000,319.10584977582204,0.07077208194796888,0.8938418770780466,1827.9708504897155,0.9674207540874208
alpha,0.20666666666666667,no_mux,100,1,1.0,6,1000,310.88836513956727,0.0709533086803174,0.893570036979524,1786.5434528996723,0.9688955622288956
alpha,0.22,no_mux,100,1,1.0,6,1000,285.9597091257558,0.07308447045812298,0.8903732943128155,1705.6119471285774,0.9466332999666333
V,0.8,no_mux,100,1,1.0,6,1000,4.13025542904887,0.23379749924163043,0.6493037511375545,1328.2776402135794,0.0030563897230563896
V,0.8211111111111111,no_mux,100,1,1.0,6,1000,6.601539387867802,0.21156161860779,0.682657572088315,1426.1273818304446,0.004204204204204204
V,0.8422222222222222,no_mux,100,1,1.0,6,1000,12.625677696280784,0.19193921834587055,0.7120911724811941,1477.3010748767201,0.04397731064397731
V,0.8633333333333334,no_mux,100,1,1.0,6,1000,20.74462147367979,0.1698746289527455,0.7451880565708817,1553.637894662014,0.04692025358692025
V,0.8844444444444445,no_mux,100,1,1.0,6,1000,34.76952814001315,0.14622430048569598,0.7806635492714561,1647.9715757082645,0.24539205872539205
V,0.9055555555555556,no_mux,100,1,1.0,6,1000,65.73527731806544,0.1255679944175792,0.8116480083736312,1662.9389486834443,0.21900567233900567
V,0.9266666666666666,no_mux,100,1,1.0,6,1000,147.4295092980028,0.10071402992231937,0.8489289551165208,1747.1074790223586,0.5585652318985652
V,0.9477777777777778,no_mux,100,1,1.0,6,1000,294.6478706979479,0.07421719956820932,0.888674200647686,1827.9260268539542,0.9665065065065065
V,0.9688888888888889,no_mux,100,1,1.0,6,1000,510.63264306428135,0.04660268488021027,0.9300959726796846,1924.5238835961288,1.0
V,0.99,no_mux,100,1,1.0,6,1000,760.0946138049867,0.01853482030972772,0.9721977695354085,1963.4926018549659,1.0
P_BSM,0.1,no_mux,100,1,1.0,7,1000,29.28973436535709,0.06155919083305933,0.907661213750411,88.24939340428905,0.9890623957290624
P_BSM,0.2,no_mux,100,1,1.0,7,1000,46.21173915843352,0.06099397867679415,0.9085090319848087,158.25628751090946,0.9964431097764431
P_BSM,0.30000000000000004,no_mux,100,1,1.0,7,1000,64.70265792215326,0.06208558450591491,0.9068716232411275,245.79216418601024,0.9952752752752753
P_BSM,0.4,no_mux,100,1,1.0,7,1000,98.45089648090182,0.06256185668842805,0.9061572149673578,392.8777800656914,0.9925458792125459
P_BSM,0.5,no_mux,100,1,1.0,7,1000,139.33802591929683,0.061472559938609936,0.9077911600920849,587.1720633540923,0.9960360360360361
P_BSM,0.6,no_mux,100,1,1.0,7,1000,193.352086706436,0.06125211299986604,0.9081218305002008,834.2645989117966,0.9926726726726727
P_BSM,0.7000000000000001,no_mux,100,1,1.0,7,1000,229.40703118143577,0.06231065282738783,0.9065340207589183,1053.9421196760143,0.9943143143143143
P_BSM,0.8,no_mux,100,1,1.0,7,1000,296.1508099711026,0.06211874408082854,0.9068218838787571,1380.6084238196747,0.9891691691691692
P_BSM,0.9,no_mux,100,1,1.0,7,1000,354.0282933414362,0.06204845496980532,0.9069273175452922,1714.3427111231397,0.990256923590257
P_BSM,1.0,no_mux,100,1,1.0,7,1000,449.8051335040968,0.06018357011710767,0.9097246448243383,2156.8459546334216,0.9972906239572906
T_coh,0.01,no_mux,100,1,1.0,7,1000,331.30665136511175,0.07424553388476132,0.8886316991728579,2063.131000706563,0.9616016016016016
T_coh,0.021544346900318832,no_mux,100,1,1.0,7,1000,397.9618369506646,0.06582814006926252,0.9012577898961063,2094.707234732774,0.9936336336336337
T_coh,0.046415888336127774,no_mux,100,1,1.0,7,1000,411.1799486739775,0.06295903199469098,0.9055614520079635,2070.4948442942823,0.9898431765098432
T_coh,0.1,no_mux,100,1,1.0,7,1000,442.92808910664365,0.06015278024316519,0.9097708296352521,2115.5829323463,0.9976643309976644
T_coh,0.21544346900318834,no_mux,100,1,1.0,7,1000,441.65764512351075,0.059892395535843114,0.9101614066962352,2099.593457760609,0.9993126459793127
T_coh,0.46415888336127775,no_mux,100,1,1.0,7,1000,463.0632618685108,0.058445481247547,0.9123317781286794,2136.5507846027913,0.9993126459793127
T_coh,1.0,no_mux,100,1,1.0,7,1000,442.3750600057419,0.05915692168080375,0.9112646174787944,2090.075780555965,0.9993993993993994
T_coh,2.154434690031882,no_mux,100,1,1.0,7,1000,454.62396802320734,0.05883969603846961,0.9117404559422955,2122.779964847088,0.9987253920587253
T_coh,4.6415888336127775,no_mux,100,1,1.0,7,1000,454.58656034404015,0.05865592178035552,0.9120161173294666,2121.0531307548167,0.9994861528194862
T_coh,10.0,no_mux,100,1,1.0,7,1000,461.3271550988264,0.058319400190013526,0.9125208997149798,2133.5072209788914,0.9988121454788121
eta_total,0.03,no_mux,100,1,1.0,7,1000,0.0,,,0.0,0.0
eta_total,0.08222222222222222,no_mux,100,1,1.0,7,1000,6.650827750048756,0.11442707559837727,0.8283593866024342,99.00512933469393,0.4465198531865199
eta_total,0.13444444444444442,no_mux,100,1,1.0,7,1000,39.71429673211368,0.0797317360886619,0.8804023958670072,278.13026227122253,0.9341474808141474
eta_total,0.18666666666666665,no_mux,100,1,1.0,7,1000,97.44450175610162,0.06938621938052855,0.8959206709292072,545.8750987024902,0.9686086086086086
eta_total,0.23888888888888887,no_mux,100,1,1.0,7,1000,167.3221713263776,0.06602816607753603,0.9009577508836959,887.0003565759166,0.9949482816149483
eta_total,0.2911111111111111,no_mux,100,1,1.0,7,1000,267.6387865991527,0.06281118966681291,0.9057832154997805,1333.274875000254,0.9954821488154821
eta_total,0.34333333333333327,no_mux,100,1,1.0,7,1000,374.2954427940866,0.0617477430218041,0.907378385467294,1839.630777229838,0.9954087420754087
eta_total,0.39555555555555555,no_mux,100,1,1.0,7,1000,521.502739369166,0.060520254905326414,0.9092196176420103,2486.4765427534476,0.9915715715715716
eta_total,0.4477777777777777,no_mux,100,1,1.0,7,1000,661.6667575402046,0.0602929829271577,0.9095605256092636,3160.5264467632783,0.9992392392392392
eta_total,0.5,no_mux,100,1,1.0,7,1000,802.2714125365022,0.0608934378278432,0.9086598432582351,3879.7768091588487,0.997630964297631
alpha,0.1,no_mux,100,1,1.0,7,1000,477.6771169894729,0.061415642702424916,0.9078765359463625,2352.782528044913,0.9964698031364698
alpha,0.11333333333333334,no_mux,100,1,1.0,7,1000,477.8883024488044,0.06119994606273384,0.9082000809058994,2327.111843058561,0.9954487821154487
alpha,0.12666666666666668,no_mux,100,1,1.0,7,1000,483.87452406917606,0.06051386492316183,0.9092292026152572,2316.7202956163064,0.9922722722722723
alpha,0.14,no_mux,100,1,1.0,7,1000,491.0874121887898,0.05974011265035746,0.9103898310244639,2314.615873775682,0.9957957957957958
alpha,0.15333333333333332,no_mux,100,1,1.0,7,1000,447.33134110590123,0.06154690368980781,0.9076796444652884,2184.5316404181767,0.9936870203536871
alpha,0.16666666666666669,no_mux,100,1,1.0,7,1000,441.37907235184576,0.06156099519128583,0.9076585072130713,2158.984043078964,0.9922789456122789
alpha,0.18,no_mux,100,1,1.0,7,1000,432.3937741208596,0.06165390963872249,0.9075191355419163,2117.0893204597987,0.9937003670337003
alpha,0.19333333333333333,no_mux,100,1,1.0,7,1000,419.2799387555651,0.06197601155073151,0.9070359826739027,2059.4597529144403,0.9888421755088421
alpha,0.20666666666666667,no_mux,100,1,1.0,7,1000,406.3327689753123,0.06212380561914728,0.9068142915712791,2012.842557688683,0.9938805472138805
alpha,0.22,no_mux,100,1,1.0,7,1000,411.63799829465194,0.06140513241327846,0.9078923013800824,2010.1949015059135,0.9939205872539206
V,0.8,no_mux,100,1,1.0,7,1000,5.35724143585228,0.2075662825936312,0.6886505761095533,1604.7736154125748,0.004097430764097431
V,0.8211111111111111,no_mux,100,1,1.0,7,1000,7.257575598885923,0.18701589849290937,0.719476152260636,1709.1049084544322,0.004838171504838172
V,0.8422222222222222,no_mux,100,1,1.0,7,1000,17.83963756822412,0.16897448769721013,0.7465382684541848,1755.8874384385404,0.08662662662662662
V,0.8633333333333334,no_mux,100,1,1.0,7,1000,31.143385293572944,0.15128860052093618,0.7730670992185957,1799.3960745694333,0.08028028028028028
V,0.8844444444444445,no_mux,100,1,1.0,7,1000,48.149523078043906,0.13021597655294856,0.8046760351705772,1880.9228676948223,0.43043043043043044
V,0.9055555555555556,no_mux,100,1,1.0,7,1000,114.51349558978308,0.10837356538302349,0.8374396519254648,1952.128922963965,0.4361895228561895
V,0.9266666666666666,no_mux,100,1,1.0,7,1000,255.0169638670331,0.08514879513468307,0.8722768072979753,2083.8037629698356,0.8524057390724057
V,0.9477777777777778,no_mux,100,1,1.0,7,1000,407.69743865810256,0.06417376204418582,0.9037393569337214,2091.452180474855,0.9908174841508175
V,0.9688888888888889,no_mux,100,1,1.0,7,1000,626.5535012769801,0.04053442174980428,0.9391983673752936,2178.100176490871,1.0
V,0.99,no_mux,100,1,1.0,7,1000,891.538555907531,0.01583970495308951,0.9762404425703658,2229.281656540908,1.0
P_BSM,0.1,no_mux,100,1,1.0,8,1000,26.743038571323467,0.06323922783213579,0.9051411582517963,83.27150237940737,0.9874474474474475
P_BSM,0.2,no_mux,100,1,1.0,8,1000,52.98192122649001,0.061106824182814476,0.9083397637257784,179.5299082728645,0.991971971971972
P_BSM,0.30000000000000004,no_mux,100,1,1.0,8,1000,77.42112418029419,0.06222717970722032,0.9066592304391696,281.8766388533803,0.98661995328662
P_BSM,0.4,no_mux,100,1,1.0,8,1000,108.64653140084897,0.06292857776055312,0.9056071333591703,420.19304074917653,0.9855989322655989
P_BSM,0.5,no_mux,100,1,1.0,8,1000,154.49742765893515,0.061558664708168696,0.907662002937747,620.6423557797639,0.9898565231898565
P_BSM,0.6,no_mux,100,1,1.0,8,1000,210.22294060956244,0.06094027813704159,0.9085895827944375,868.8085953478793,0.9867934601267935
P_BSM,0.7000000000000001,no_mux,100,1,1.0,8,1000,247.49219828185724,0.061941170986418645,0.9070882435203721,1087.6607463700368,0.9911845178511846
P_BSM,0.8,no_mux,100,1,1.0,8,1000,319.88548782220005,0.06086418783983169,0.9087037182402526,1417.690510773424,0.9917851184517851
P_BSM,0.9,no_mux,100,1,1.0,8,1000,378.0646785925373,0.06129871070493912,0.9080519339425913,1736.3025127445724,0.9873940607273941
P_BSM,1.0,no_mux,100,1,1.0,8,1000,424.756332773868,0.06252393765215206,0.9062140935217717,2055.2603336287525,0.9881014347681014
T_coh,0.01,no_mux,100,1,1.0,8,1000,356.8701908578754,0.07309276142620547,0.8903608578606916,2067.9851925263774,0.9436236236236236
T_coh,0.021544346900318832,no_mux,100,1,1.0,8,1000,368.7322565401252,0.06835975177758818,0.8974603723336178,1981.1614658040176,0.9798998998998999
T_coh,0.046415888336127774,no_mux,100,1,1.0,8,1000,432.36402715814444,0.06239037478179215,0.9064144378273117,2077.0025175021315,0.9865398732065399
T_coh,0.1,no_mux,100,1,1.0,8,1000,450.4506165714984,0.060228623310611226,0.9096570650340831,2090.0729622181916,0.9985719052385719
T_coh,0.21544346900318834,no_mux,100,1,1.0,8,1000,424.1277016818037,0.06100287479436402,0.9084956878084538,2005.7430590534593,0.9982782782782783
T_coh,0.46415888336127775,no_mux,100,1,1.0,8,1000,433.01373048249224,0.06052858797081166,0.9092071180437825,2028.4481370834278,0.9971037704371037
T_coh,1.0,no_mux,100,1,1.0,8,1000,457.455040443776,0.058879159180723,0.9116812612289156,2084.15275860206,0.9990056723390057
T_coh,2.154434690031882,no_mux,100,1,1.0,8,1000,447.5743301912929,0.059123194253456135,0.9113152086198159,2051.9437981269784,0.9989723056389723
T_coh,4.6415888336127775,no_mux,100,1,1.0,8,1000,463.58523683378826,0.05871916258533523,0.9119212561219973,2093.8146901504574,0.9970303636970304
T_coh,10.0,no_mux,100,1,1.0,8,1000,434.9931996193672,0.06016387916819379,0.9097541812477093,2025.4531302160067,0.9982716049382716
eta_total,0.03,no_mux,100,1,1.0,8,1000,0.0,,,0.0,0.0
eta_total,0.08222222222222222,no_mux,100,1,1.0,8,1000,6.890837399173789,0.1188158988487247,0.8217761517269129,95.03032667585767,0.42268935602268937
eta_total,0.13444444444444442,no_mux,100,1,1.0,8,1000,38.269332137331816,0.08275233651546635,0.8758714952268005,265.8722967532077,0.850930930930931
eta_total,0.18666666666666665,no_mux,100,1,1.0,8,1000,95.39358486321392,0.07097052099750605,0.8935442185037411,529.1534615044344,0.9458725392058726
eta_total,0.23888888888888887,no_mux,100,1,1.0,8,1000,169.2146614443093,0.06635277892265679,0.9004708316160147,869.4229795424227,0.9843643643643644
eta_total,0.2911111111111111,no_mux,100,1,1.0,8,1000,263.80945689745454,0.06381902662506822,0.9042714600623976,1294.169459652337,0.9865865865865866
eta_total,0.34333333333333327,no_mux,100,1,1.0,8,1000,372.4784693117861,0.06245259907193302,0.9063211013921005,1798.7742467615124,0.9910176843510177
eta_total,0.39555555555555555,no_mux,100,1,1.0,8,1000,466.38737379132897,0.06379872504119767,0.9043019124382033,2310.522262265555,0.9825358692025359
eta_total,0.4477777777777777,no_mux,100,1,1.0,8,1000,642.5240797035892,0.06169410894639414,0.9074588365804087,3055.737179632637,0.9975975975975976
eta_total,0.5,no_mux,100,1,1.0,8,1000,864.9186734126359,0.059375553160827294,0.910936670258759,3937.133164149426,0.9988655321988655
alpha,0.1,no_mux,100,1,1.0,8,1000,497.79814604859126,0.061855471930841704,0.9072167921037374,2367.0604293192605,0.9873473473473473
alpha,0.11333333333333334,no_mux,100,1,1.0,8,1000,504.68807119739665,0.06072337958240063,0.9089149306263992,2358.0244731365406,0.9916783450116784
alpha,0.12666666666666668,no_mux,100,1,1.0,8,1000,455.66089338851117,0.06309592600831387,0.9053561109875292,2220.924154782921,0.9868868868868869
alpha,0.14,no_mux,100,1,1.0,8,1000,463.70813117165045,0.06190596615750853,0.9071410507637372,2211.86181124882,0.9862262262262262
alpha,0.15333333333333332,no_mux,100,1,1.0,8,1000,456.31272852911513,0.06224507664738058,0.9066323850289291,2171.6738823238156,0.9857057057057057
alpha,0.16666666666666669,no_mux,100,1,1.0,8,1000,413.32787221240903,0.0638044043613716,0.9042933934579427,2050.5313825014696,0.9864330997664331
alpha,0.18,no_mux,100,1,1.0,8,1000,403.5265837429372,0.0637411879542206,0.9043882180686689,2004.6063869963536,0.9856523189856523
alpha,0.19333333333333333,no_mux,100,1,1.0,8,1000,411.9798147940874,0.06263807853657949,0.9060428821951306,2000.49491084316,0.9888688688688688
alpha,0.20666666666666667,no_mux,100,1,1.0,8,1000,427.1148264218411,0.061404974479559865,0.90789253828066,2024.2435339062047,0.9912979646312979
alpha,0.22,no_mux,100,1,1.0,8,1000,381.2124846237905,0.06319498708666858,0.9052075193699971,1879.0152873826585,0.988968968968969
V,0.8,no_mux,100,1,1.0,8,1000,5.589380648971459,0.20274355592926366,0.6958846661061046,1640.0951123902835,0.004330997664330998
V,0.8211111111111111,no_mux,100,1,1.0,8,1000,6.1430701214846675,0.18740139558734634,0.7188979066189805,1660.1250523713732,0.004004004004004004
V,0.8422222222222222,no_mux,100,1,1.0,8,1000,25.882101217803992,0.16832500480627027,0.7475124927905946,1740.1126452723431,0.14885552218885553
V,0.8633333333333334,no_mux,100,1,1.0,8,1000,35.87208876276714,0.15161707016368342,0.7725743947544749,1758.5685884768127,0.11059726393059727
V,0.8844444444444445,no_mux,100,1,1.0,8,1000,68.45619797978259,0.12961906627350672,0.8055714005897399,1858.3353564303422,0.4532332332332332
V,0.9055555555555556,no_mux,100,1,1.0,8,1000,126.51579669016806,0.11078929016097383,0.8338160647585392,1872.4771218784601,0.4220487153820487
V,0.9266666666666666,no_mux,100,1,1.0,8,1000,243.8239338293072,0.08795201652466733,0.868071975212999,1973.8978829204375,0.7569903236569904
V,0.9477777777777778,no_mux,100,1,1.0,8,1000,409.98448974770093,0.06452710163460457,0.903209347548093,2052.7428726965272,0.9881147814481148
V,0.9688888888888889,no_mux,100,1,1.0,8,1000,641.524762077029,0.0398081877978964,0.9402877183031553,2181.1334326336164,1.0
V,0.99,no_mux,100,1,1.0,8,1000,869.6170427369716,0.01606142083498673,0.9759078687475198,2170.6087329503493,1.0
P_BSM,0.1,no_mux,100,1,1.0,9,1000,22.490202364115103,0.06644771397925828,0.9003284290311127,67.13581569215,0.9881548214881548
P_BSM,0.2,no_mux,100,1,1.0,9,1000,39.55989232591182,0.06554956255342374,0.9016756561698646,133.4748877551229,0.9886886886886886
P_BSM,0.30000000000000004,no_mux,100,1,1.0,9,1000,58.94768501519456,0.06567320796694123,0.9014901880495881,221.52485813310292,0.9843510176843511
P_BSM,0.4,no_mux,100,1,1.0,9,1000,89.41150034846825,0.06612947564019395,0.900805786539709,355.38584420375923,0.9780447113780447
P_BSM,0.5,no_mux,100,1,1.0,9,1000,121.55881819376373,0.0652596864386403,0.9021104703420396,521.1594184395517,0.988355021688355
P_BSM,0.6,no_mux,100,1,1.0,9,1000,167.73221246055778,0.06440089020153841,0.9033986646976924,748.2179464319977,0.9882148815482149
P_BSM,0.7000000000000001,no_mux,100,1,1.0,9,1000,209.34711635246055,0.06509197056502342,0.9023620441524649,983.4661543501131,0.9810343677010344
P_BSM,0.8,no_mux,100,1,1.0,9,1000,245.66299636600263,0.06655519606144365,0.9001672059078344,1233.1493486015474,0.9836436436436437
P_BSM,0.9,no_mux,100,1,1.0,9,1000,308.32701625761547,0.06631939797145973,0.9005209030428105,1580.0661742799105,0.9850650650650651
P_BSM,1.0,no_mux,100,1,1.0,9,1000,388.6461303404238,0.06466921923845716,0.9029961711423145,2002.5156007555115,0.9881948615281949
T_coh,0.01,no_mux,100,1,1.0,9,1000,283.19248567825133,0.07918527858397356,0.8812220821240396,1922.463401973429,0.9146346346346347
T_coh,0.021544346900318832,no_mux,100,1,1.0,9,1000,347.00637124540214,0.07003955134595179,0.8949406729810723,1971.8100895112898,0.9841975308641975
T_coh,0.046415888336127774,no_mux,100,1,1.0,9,1000,392.3194288026871,0.06496769268788537,0.902548460968172,2011.164990633302,0.9845445445445445
T_coh,0.1,no_mux,100,1,1.0,9,1000,382.5490340858532,0.06454539484006613,0.9031819077399008,1957.7720879133797,0.9966166166166166
T_coh,0.21544346900318834,no_mux,100,1,1.0,9,1000,390.5964536405431,0.06394724862211343,0.90407912706683,1969.0655174134222,0.9932999666333
T_coh,0.46415888336127775,no_mux,100,1,1.0,9,1000,413.2938500013423,0.061823533041497396,0.907264700437754,2010.5947179609145,0.9985785785785786
T_coh,1.0,no_mux,100,1,1.0,9,1000,426.03158831756343,0.06113832269698996,0.9082925159545152,2040.094258256313,0.9958692025358692
T_coh,2.154434690031882,no_mux,100,1,1.0,9,1000,391.9565288646611,0.06302534462261475,0.9054619830660778,1956.2489822206037,0.9961494828161495
T_coh,4.6415888336127775,no_mux,100,1,1.0,9,1000,400.41187687983,0.06247358274714146,0.9062896258792879,1980.6978477832708,0.9981981981981982
T_coh,10.0,no_mux,100,1,1.0,9,1000,393.54336664265753,0.06304015800074446,0.9054397629988832,1963.1961343505654,0.9935602268935603
eta_total,0.03,no_mux,100,1,1.0,9,1000,0.0,,,0.0,0.0
eta_total,0.08222222222222222,no_mux,100,1,1.0,9,1000,4.60836252419848,0.12550029139091579,0.8117495629136263,88.41032523607231,0.3125925925925926
eta_total,0.13444444444444442,no_mux,100,1,1.0,9,1000,31.9691123742072,0.08633077912218741,0.8705038313167188,256.3048114174359,0.8546346346346346
eta_total,0.18666666666666665,no_mux,100,1,1.0,9,1000,77.20767983074087,0.07625041505294855,0.8856243774205772,495.389096577171,0.9305038371705039
eta_total,0.23888888888888887,no_mux,100,1,1.0,9,1000,150.8264934039717,0.06899872910990025,0.8965019063351496,840.5369920843671,0.9917117117117117
eta_total,0.2911111111111111,no_mux,100,1,1.0,9,1000,233.06455839416247,0.06703685822589736,0.8994447126611539,1244.7170581376583,0.9876676676676677
eta_total,0.34333333333333327,no_mux,100,1,1.0,9,1000,328.8678617024006,0.06622138124441845,0.9006679281333723,1727.0115540091654,0.9844511177844512
eta_total,0.39555555555555555,no_mux,100,1,1.0,9,1000,438.98573522478455,0.06523855313097537,0.9021421703035369,2278.7032278038027,0.9898231564898231
eta_total,0.4477777777777777,no_mux,100,1,1.0,9,1000,575.4986492927173,0.06458654855618068,0.9031201771657292,2941.2898634193793,0.9954421087754421
eta_total,0.5,no_mux,100,1,1.0,9,1000,724.0013029793039,0.06406360174127143,0.9039045973880929,3664.8597352184124,0.9978712045378713
alpha,0.1,no_mux,100,1,1.0,9,1000,427.8991943555728,0.0650281905623864,0.9024577141564205,2221.101567769208,0.9888288288288288
alpha,0.11333333333333334,no_mux,100,1,1.0,9,1000,420.90036521596375,0.06529697858117733,0.9020545321282339,2179.6479675577807,0.9860260260260261
alpha,0.12666666666666668,no_mux,100,1,1.0,9,1000,423.9432603533076,0.06469511373939864,0.9029573293909019,2168.2115846651,0.985352018685352
alpha,0.14,no_mux,100,1,1.0,9,1000,399.24973515213605,0.06531521629801812,0.9020271755529728,2086.5739917384267,0.9871404738071404
alpha,0.15333333333333332,no_mux,100,1,1.0,9,1000,396.6582179217821,0.06488907049640104,0.9026663942553984,2060.1918006153187,0.9912579245912579
alpha,0.16666666666666669,no_mux,100,1,1.0,9,1000,397.6710351732521,0.0650154541970278,0.9024768187044583,2042.3215742838527,0.9865865865865866
alpha,0.18,no_mux,100,1,1.0,9,1000,382.3193698860357,0.06562667221841423,0.9015599916723785,1987.418669300774,0.9810944277610945
alpha,0.19333333333333333,no_mux,100,1,1.0,9,1000,357.13974412245994,0.06698334805617051,0.8995249779157443,1907.2230015770458,0.9842642642642643
alpha,0.20666666666666667,no_mux,100,1,1.0,9,1000,355.71026251196304,0.06625536487620903,0.9006169526856865,1878.4545453164449,0.9855588922255589
alpha,0.22,no_mux,100,1,1.0,9,1000,350.0475653206567,0.06610207569819283,0.9008468864527107,1849.841000644918,0.988028028028028
V,0.8,no_mux,100,1,1.0,9,1000,5.3740628296211455,0.21517659219280402,0.677235111710794,1509.8903886091484,0.004110777444110777
V,0.8211111111111111,no_mux,100,1,1.0,9,1000,8.131681526433377,0.19595454455594255,0.7060681831660862,1582.5861916574452,0.005498832165498832
V,0.8422222222222222,no_mux,100,1,1.0,9,1000,16.550351939184296,0.17535193830425008,0.736972092543625,1667.994951437584,0.07197864531197865
V,0.8633333333333334,no_mux,100,1,1.0,9,1000,23.86296366451095,0.15907403698429387,0.7613889445235592,1662.8896211695221,0.06169502836169503
V,0.8844444444444445,no_mux,100,1,1.0,9,1000,43.52217283651935,0.1362144516626693,0.795678322505996,1768.6540022305958,0.3508174841508175
V,0.9055555555555556,no_mux,100,1,1.0,9,1000,94.52218528879415,0.11444425868751196,0.828333611968732,1824.4320352957664,0.34985652318985655
V,0.9266666666666666,no_mux,100,1,1.0,9,1000,220.3531799480903,0.08935338910514598,0.8659699163422812,1960.5014927334137,0.7682215548882215
V,0.9477777777777778,no_mux,100,1,1.0,9,1000,366.78130131891083,0.06816320109916597,0.897755198351251,1989.7594414595878,0.984310977644311
V,0.9688888888888889,no_mux,100,1,1.0,9,1000,553.7644178232214,0.04364818663471437,0.9345277200479285,2009.0642087745077,1.0
V,0.99,no_mux,100,1,1.0,9,1000,865.2078047158683,0.01644883478052614,0.9753267478292109,2172.608450401655,1.0
