mux_type,k_min,density,rep,N,N_gcc,giant_fraction
no_mux,10.0,1e-05,0,1000,8.0,0.008
no_mux,100.0,1e-05,0,1000,5.0,0.005
no_mux,1000.0,1e-05,0,1000,3.0,0.003
no_mux,10.0,1e-05,1,1000,9.0,0.009
no_mux,100.0,1e-05,1,1000,5.0,0.005
no_mux,1000.0,1e-05,1,1000,4.0,0.004
no_mux,10.0,1e-05,2,1000,8.0,0.008
no_mux,100.0,1e-05,2,1000,4.0,0.004
no_mux,1000.0,1e-05,2,1000,3.0,0.003
no_mux,10.0,1e-05,3,1000,8.0,0.008
no_mux,100.0,1e-05,3,1000,7.0,0.007
no_mux,1000.0,1e-05,3,1000,3.0,0.003
no_mux,10.0,1e-05,4,1000,7.0,0.007
no_mux,100.0,1e-05,4,1000,5.0,0.005
no_mux,1000.0,1e-05,4,1000,4.0,0.004
no_mux,10.0,1e-05,5,1000,8.0,0.008
no_mux,100.0,1e-05,5,1000,5.0,0.005
no_mux,1000.0,1e-05,5,1000,3.0,0.003
no_mux,10.0,1e-05,6,1000,8.0,0.008
no_mux,100.0,1e-05,6,1000,5.0,0.005
no_mux,1000.0,1e-05,6,1000,3.0,0.003
no_mux,10.0,1e-05,7,1000,10.0,0.01
no_mux,100.0,1e-05,7,1000,6.0,0.006
no_mux,1000.0,1e-05,7,1000,3.0,0.003
no_mux,10.0,1e-05,8,1000,9.0,0.009
no_mux,100.0,1e-05,8,1000,5.0,0.005
no_mux,1000.0,1e-05,8,1000,3.0,0.003
no_mux,10.0,1e-05,9,1000,8.0,0.008
no_mux,100.0,1e-05,9,1000,5.0,0.005
no_mux,1000.0,1e-05,9,1000,3.0,0.003
no_mux,10.0,2.340347319320716e-05,0,1000,15.0,0.015
no_mux,100.0,2.340347319320716e-05,0,1000,9.0,0.009
no_mux,1000.0,2.340347319320716e-05,0,1000,5.0,0.005
no_mux,10.0,2.340347319320716e-05,1,1000,10.0,0.01
no_mux,100.0,2.340347319320716e-05,1,1000,10.0,0.01
no_mux,1000.0,2.340347319320716e-05,1,1000,5.0,0.005
no_mux,10.0,2.340347319320716e-05,2,1000,15.0,0.015
no_mux,100.0,2.340347319320716e-05,2,1000,9.0,0.009
no_mux,1000.0,2.340347319320716e-05,2,1000,4.0,0.004
no_mux,10.0,2.340347319320716e-05,3,1000,18.0,0.018
no_mux,100.0,2.340347319320716e-05,3,1000,9.0,0.009
no_mux,1000.0,2.340347319320716e-05,3,1000,5.0,0.005
no_mux,10.0,2.340347319320716e-05,4,1000,10.0,0.01
no_mux,100.0,2.340347319320716e-05,4,1000,7.0,0.007
no_mux,1000.0,2.340347319320716e-05,4,1000,4.0,0.004
no_mux,10.0,2.340347319320716e-05,5,1000,13.0,0.013
no_mux,100.0,2.340347319320716e-05,5,1000,6.0,0.006
no_mux,1000.0,2.340347319320716e-05,5,1000,4.0,0.004
no_mux,10.0,2.340347319320716e-05,6,1000,13.0,0.013
no_mux,100.0,2.340347319320716e-05,6,1000,7.0,0.007
no_mux,1000.0,2.340347319320716e-05,6,1000,4.0,0.004
no_mux,10.0,2.340347319320716e-05,7,1000,14.0,0.014
no_mux,100.0,2.340347319320716e-05,7,1000,6.0,0.006
no_mux,1000.0,2.340347319320716e-05,7,1000,5.0,0.005
no_mux,10.0,2.340347319320716e-05,8,1000,13.0,0.013
no_mux,100.0,2.340347319320716e-05,8,1000,6.0,0.006
no_mux,1000.0,2.340347319320716e-05,8,1000,5.0,0.005
no_mux,10.0,2.340347319320716e-05,9,1000,13.0,0.013
no_mux,100.0,2.340347319320716e-05,9,1000,7.0,0.007
no_mux,1000.0,2.340347319320716e-05,9,1000,4.0,0.004
no_mux,10.0,5.477225575051662e-05,0,1000,15.0,0.015
no_mux,100.0,5.477225575051662e-05,0,1000,10.0,0.01
no_mux,1000.0,5.477225575051662e-05,0,1000,6.0,0.006
no_mux,10.0,5.477225575051662e-05,1,1000,28.0,0.028
no_mux,100.0,5.477225575051662e-05,1,1000,11.0,0.011
no_mux,1000.0,5.477225575051662e-05,1,1000,7.0,0.007
no_mux,10.0,5.477225575051662e-05,2,1000,17.0,0.017
no_mux,100.0,5.477225575051662e-05,2,1000,11.0,0.011
no_mux,1000.0,5.477225575051662e-05,2,1000,4.0,0.004
no_mux,10.0,5.477225575051662e-05,3,1000,21.0,0.021
no_mux,100.0,5.477225575051662e-05,3,1000,14.0,0.014
no_mux,1000.0,5.477225575051662e-05,3,1000,6.0,0.006
no_mux,10.0,5.477225575051662e-05,4,1000,32.0,0.032
no_mux,100.0,5.477225575051662e-05,4,1000,11.0,0.011
no_mux,1000.0,5.477225575051662e-05,4,1000,5.0,0.005
no_mux,10.0,5.477225575051662e-05,5,1000,39.0,0.039
no_mux,100.0,5.477225575051662e-05,5,1000,17.0,0.017
no_mux,1000.0,5.477225575051662e-05,5,1000,6.0,0.006
no_mux,10.0,5.477225575051662e-05,6,1000,32.0,0.032
no_mux,100.0,5.477225575051662e-05,6,1000,17.0,0.017
no_mux,1000.0,5.477225575051662e-05,6,1000,9.0,0.009
no_mux,10.0,5.477225575051662e-05,7,1000,23.0,0.023
no_mux,100.0,5.477225575051662e-05,7,1000,15.0,0.015
no_mux,1000.0,5.477225575051662e-05,7,1000,7.0,0.007
no_mux,10.0,5.477225575051662e-05,8,1000,21.0,0.021
no_mux,100.0,5.477225575051662e-05,8,1000,15.0,0.015
no_mux,1000.0,5.477225575051662e-05,8,1000,5.0,0.005
no_mux,10.0,5.477225575051662e-05,9,1000,23.0,0.023
no_mux,100.0,5.477225575051662e-05,9,1000,11.0,0.011
no_mux,1000.0,5.477225575051662e-05,9,1000,6.0,0.006
no_mux,10.0,0.00012818610191887026,0,1000,85.0,0.085
no_mux,100.0,0.00012818610191887026,0,1000,40.0,0.04
no_mux,1000.0,0.00012818610191887026,0,1000,16.0,0.016
no_mux,10.0,0.00012818610191887026,1,1000,70.0,0.07
no_mux,100.0,0.00012818610191887026,1,1000,40.0,0.04
no_mux,1000.0,0.00012818610191887026,1,1000,8.0,0.008
no_mux,10.0,0.00012818610191887026,2,1000,93.0,0.093
no_mux,100.0,0.00012818610191887026,2,1000,30.0,0.03
no_mux,1000.0,0.00012818610191887026,2,1000,10.0,0.01
no_mux,10.0,0.00012818610191887026,3,1000,61.0,0.061
no_mux,100.0,0.00012818610191887026,3,1000,27.0,0.027
no_mux,1000.0,0.00012818610191887026,3,1000,9.0,0.009
no_mux,10.0,0.00012818610191887026,4,1000,107.0,0.107
no_mux,100.0,0.00012818610191887026,4,1000,25.0,0.025
no_mux,1000.0,0.00012818610191887026,4,1000,9.0,0.009
no_mux,10.0,0.00012818610191887026,5,1000,109.0,0.109
no_mux,100.0,0.00012818610191887026,5,1000,26.0,0.026
no_mux,1000.0,0.00012818610191887026,5,1000,9.0,0.009
no_mux,10.0,0.00012818610191887026,6,1000,131.0,0.131
no_mux,100.0,0.00012818610191887026,6,1000,29.0,0.029
no_mux,1000.0,0.00012818610191887026,6,1000,7.0,0.007
no_mux,10.0,0.00012818610191887026,7,1000,65.0,0.065
no_mux,100.0,0.00012818610191887026,7,1000,28.0,0.028
no_mux,1000.0,0.00012818610191887026,7,1000,6.0,0.006
no_mux,10.0,0.00012818610191887026,8,1000,41.0,0.041
no_mux,100.0,0.00012818610191887026,8,1000,21.0,0.021
no_mux,1000.0,0.00012818610191887026,8,1000,12.0,0.012
no_mux,10.0,0.00012818610191887026,9,1000,87.0,0.087
no_mux,100.0,0.00012818610191887026,9,1000,40.0,0.04
no_mux,1000.0,0.00012818610191887026,9,1000,7.0,0.007
no_mux,10.0,0.00030000000000000014,0,1000,759.0,0.759
no_mux,100.0,0.00030000000000000014,0,1000,128.0,0.128
no_mux,1000.0,0.00030000000000000014,0,1000,19.0,0.019
no_mux,10.0,0.00030000000000000014,1,1000,419.0,0.419
no_mux,100.0,0.00030000000000000014,1,1000,135.0,0.135
no_mux,1000.0,0.00030000000000000014,1,1000,17.0,0.017
no_mux,10.0,0.00030000000000000014,2,1000,667.0,0.667
no_mux,100.0,0.00030000000000000014,2,1000,93.0,0.093
no_mux,1000.0,0.00030000000000000014,2,1000,20.0,0.02
no_mux,10.0,0.00030000000000000014,3,1000,306.0,0.306
no_mux,100.0,0.00030000000000000014,3,1000,121.0,0.121
no_mux,1000.0,0.00030000000000000014,3,1000,21.0,0.021
no_mux,10.0,0.00030000000000000014,4,1000,295.0,0.295
no_mux,100.0,0.00030000000000000014,4,1000,66.0,0.066
no_mux,1000.0,0.00030000000000000014,4,1000,12.0,0.012
no_mux,10.0,0.00030000000000000014,5,1000,719.0,0.719
no_mux,100.0,0.00030000000000000014,5,1000,90.0,0.09
no_mux,1000.0,0.00030000000000000014,5,1000,18.0,0.018
no_mux,10.0,0.00030000000000000014,6,1000,559.0,0.559
no_mux,100.0,0.00030000000000000014,6,1000,97.0,0.097
no_mux,1000.0,0.00030000000000000014,6,1000,18.0,0.018
no_mux,10.0,0.00030000000000000014,7,1000,665.0,0.665
no_mux,100.0,0.00030000000000000014,7,1000,142.0,0.142
no_mux,1000.0,0.00030000000000000014,7,1000,19.0,0.019
no_mux,10.0,0.00030000000000000014,8,1000,752.0,0.752
no_mux,100.0,0.00030000000000000014,8,1000,135.0,0.135
no_mux,1000.0,0.00030000000000000014,8,1000,23.0,0.023
no_mux,10.0,0.00030000000000000014,9,1000,784.0,0.784
no_mux,100.0,0.00030000000000000014,9,1000,73.0,0.073
no_mux,1000.0,0.00030000000000000014,9,1000,15.0,0.015
no_mux,10.0,0.0003822824957109402,0,1000,771.0,0.771
no_mux,100.0,0.0003822824957109402,0,1000,117.0,0.117
no_mux,1000.0,0.0003822824957109402,0,1000,24.0,0.024
no_mux,10.0,0.0003822824957109402,1,1000,698.0,0.698
no_mux,100.0,0.0003822824957109402,1,1000,189.0,0.189
no_mux,1000.0,0.0003822824957109402,1,1000,24.0,0.024
no_mux,10.0,0.0003822824957109402,2,1000,875.0,0.875
no_mux,100.0,0.0003822824957109402,2,1000,420.0,0.42
no_mux,1000.0,0.0003822824957109402,2,1000,22.0,0.022
no_mux,10.0,0.0003822824957109402,3,1000,815.0,0.815
no_mux,100.0,0.0003822824957109402,3,1000,134.0,0.134
no_mux,1000.0,0.0003822824957109402,3,1000,28.0,0.028
no_mux,10.0,0.0003822824957109402,4,1000,805.0,0.805
no_mux,100.0,0.0003822824957109402,4,1000,195.0,0.195
no_mux,1000.0,0.0003822824957109402,4,1000,23.0,0.023
no_mux,10.0,0.0003822824957109402,5,1000,642.0,0.642
no_mux,100.0,0.0003822824957109402,5,1000,103.0,0.103
no_mux,1000.0,0.0003822824957109402,5,1000,36.0,0.036
no_mux,10.0,0.0003822824957109402,6,1000,844.0,0.844
no_mux,100.0,0.0003822824957109402,6,1000,150.0,0.15
no_mux,1000.0,0.0003822824957109402,6,1000,32.0,0.032
no_mux,10.0,0.0003822824957109402,7,1000,867.0,0.867
no_mux,100.0,0.0003822824957109402,7,1000,89.0,0.089
no_mux,1000.0,0.0003822824957109402,7,1000,29.0,0.029
no_mux,10.0,0.0003822824957109402,8,1000,789.0,0.789
no_mux,100.0,0.0003822824957109402,8,1000,261.0,0.261
no_mux,1000.0,0.0003822824957109402,8,1000,17.0,0.017
no_mux,10.0,0.0003822824957109402,9,1000,881.0,0.881
no_mux,100.0,0.0003822824957109402,9,1000,295.0,0.295
no_mux,1000.0,0.0003822824957109402,9,1000,22.0,0.022
no_mux,10.0,0.0004871330217566165,0,1000,859.0,0.859
no_mux,100.0,0.0004871330217566165,0,1000,209.0,0.209
no_mux,1000.0,0.0004871330217566165,0,1000,32.0,0.032
no_mux,10.0,0.0004871330217566165,1,1000,790.0,0.79
no_mux,100.0,0.0004871330217566165,1,1000,316.0,0.316
no_mux,1000.0,0.0004871330217566165,1,1000,21.0,0.021
no_mux,10.0,0.0004871330217566165,2,1000,698.0,0.698
no_mux,100.0,0.0004871330217566165,2,1000,214.0,0.214
no_mux,1000.0,0.0004871330217566165,2,1000,30.0,0.03
no_mux,10.0,0.0004871330217566165,3,1000,831.0,0.831
no_mux,100.0,0.0004871330217566165,3,1000,170.0,0.17
no_mux,1000.0,0.0004871330217566165,3,1000,41.0,0.041
no_mux,10.0,0.0004871330217566165,4,1000,884.0,0.884
no_mux,100.0,0.0004871330217566165,4,1000,487.0,0.487
no_mux,1000.0,0.0004871330217566165,4,1000,34.0,0.034
no_mux,10.0,0.0004871330217566165,5,1000,907.0,0.907
no_mux,100.0,0.0004871330217566165,5,1000,247.0,0.247
no_mux,1000.0,0.0004871330217566165,5,1000,33.0,0.033
no_mux,10.0,0.0004871330217566165,6,1000,879.0,0.879
no_mux,100.0,0.0004871330217566165,6,1000,340.0,0.34
no_mux,1000.0,0.0004871330217566165,6,1000,28.0,0.028
no_mux,10.0,0.0004871330217566165,7,1000,884.0,0.884
no_mux,100.0,0.0004871330217566165,7,1000,255.0,0.255
no_mux,1000.0,0.0004871330217566165,7,1000,22.0,0.022
no_mux,10.0,0.0004871330217566165,8,1000,893.0,0.893
no_mux,100.0,0.0004871330217566165,8,1000,382.0,0.382
no_mux,1000.0,0.0004871330217566165,8,1000,30.0,0.03
no_mux,10.0,0.0004871330217566165,9,1000,883.0,0.883
no_mux,100.0,0.0004871330217566165,9,1000,270.0,0.27
no_mux,1000.0,0.0004871330217566165,9,1000,49.0,0.049
no_mux,10.0,0.0006207414243344372,0,1000,896.0,0.896
no_mux,100.0,0.0006207414243344372,0,1000,654.0,0.654
no_mux,1000.0,0.0006207414243344372,0,1000,104.0,0.104
no_mux,10.0,0.0006207414243344372,1,1000,896.0,0.896
no_mux,100.0,0.0006207414243344372,1,1000,679.0,0.679
no_mux,1000.0,0.0006207414243344372,1,1000,65.0,0.065
no_mux,10.0,0.0006207414243344372,2,1000,902.0,0.902
no_mux,100.0,0.0006207414243344372,2,1000,791.0,0.791
no_mux,1000.0,0.0006207414243344372,2,1000,47.0,0.047
no_mux,10.0,0.0006207414243344372,3,1000,852.0,0.852
no_mux,100.0,0.0006207414243344372,3,1000,296.0,0.296
no_mux,1000.0,0.0006207414243344372,3,1000,32.0,0.032
no_mux,10.0,0.0006207414243344372,4,1000,860.0,0.86
no_mux,100.0,0.0006207414243344372,4,1000,536.0,0.536
no_mux,1000.0,0.0006207414243344372,4,1000,64.0,0.064
no_mux,10.0,0.0006207414243344372,5,1000,903.0,0.903
no_mux,100.0,0.0006207414243344372,5,1000,680.0,0.68
no_mux,1000.0,0.0006207414243344372,5,1000,57.0,0.057
no_mux,10.0,0.0006207414243344372,6,1000,893.0,0.893
no_mux,100.0,0.0006207414243344372,6,1000,151.0,0.151
no_mux,1000.0,0.0006207414243344372,6,1000,36.0,0.036
no_mux,10.0,0.0006207414243344372,7,1000,734.0,0.734
no_mux,100.0,0.0006207414243344372,7,1000,155.0,0.155
no_mux,1000.0,0.0006207414243344372,7,1000,36.0,0.036
no_mux,10.0,0.0006207414243344372,8,1000,899.0,0.899
no_mux,100.0,0.0006207414243344372,8,1000,641.0,0.641
no_mux,1000.0,0.0006207414243344372,8,1000,32.0,0.032
no_mux,10.0,0.0006207414243344372,9,1000,856.0,0.856
no_mux,100.0,0.0006207414243344372,9,1000,440.0,0.44
no_mux,1000.0,0.0006207414243344372,9,1000,63.0,0.063
no_mux,10.0,0.0007909952696191077,0,1000,845.0,0.845
no_mux,100.0,0.0007909952696191077,0,1000,532.0,0.532
no_mux,1000.0,0.0007909952696191077,0,1000,57.0,0.057
no_mux,10.0,0.0007909952696191077,1,1000,910.0,0.91
no_mux,100.0,0.0007909952696191077,1,1000,548.0,0.548
no_mux,1000.0,0.0007909952696191077,1,1000,58.0,0.058
no_mux,10.0,0.0007909952696191077,2,1000,926.0,0.926
no_mux,100.0,0.0007909952696191077,2,1000,808.0,0.808
no_mux,1000.0,0.0007909952696191077,2,1000,64.0,0.064
no_mux,10.0,0.0007909952696191077,3,1000,902.0,0.902
no_mux,100.0,0.0007909952696191077,3,1000,570.0,0.57
no_mux,1000.0,0.0007909952696191077,3,1000,43.0,0.043
no_mux,10.0,0.0007909952696191077,4,1000,932.0,0.932
no_mux,100.0,0.0007909952696191077,4,1000,826.0,0.826
no_mux,1000.0,0.0007909952696191077,4,1000,43.0,0.043
no_mux,10.0,0.0007909952696191077,5,1000,868.0,0.868
no_mux,100.0,0.0007909952696191077,5,1000,727.0,0.727
no_mux,1000.0,0.0007909952696191077,5,1000,38.0,0.038
no_mux,10.0,0.0007909952696191077,6,1000,926.0,0.926
no_mux,100.0,0.0007909952696191077,6,1000,681.0,0.681
no_mux,1000.0,0.0007909952696191077,6,1000,52.0,0.052
no_mux,10.0,0.0007909952696191077,7,1000,916.0,0.916
no_mux,100.0,0.0007909952696191077,7,1000,814.0,0.814
no_mux,1000.0,0.0007909952696191077,7,1000,54.0,0.054
no_mux,10.0,0.0007909952696191077,8,1000,913.0,0.913
no_mux,100.0,0.0007909952696191077,8,1000,690.0,0.69
no_mux,1000.0,0.0007909952696191077,8,1000,46.0,0.046
no_mux,10.0,0.0007909952696191077,9,1000,917.0,0.917
no_mux,100.0,0.0007909952696191077,9,1000,789.0,0.789
no_mux,1000.0,0.0007909952696191077,9,1000,59.0,0.059
no_mux,10.0,0.0010079454858851348,0,1000,918.0,0.918
no_mux,100.0,0.0010079454858851348,0,1000,834.0,0.834
no_mux,1000.0,0.0010079454858851348,0,1000,87.0,0.087
no_mux,10.0,0.0010079454858851348,1,1000,866.0,0.866
no_mux,100.0,0.0010079454858851348,1,1000,706.0,0.706
no_mux,1000.0,0.0010079454858851348,1,1000,96.0,0.096
no_mux,10.0,0.0010079454858851348,2,1000,933.0,0.933
no_mux,100.0,0.0010079454858851348,2,1000,856.0,0.856
no_mux,1000.0,0.0010079454858851348,2,1000,72.0,0.072
no_mux,10.0,0.0010079454858851348,3,1000,912.0,0.912
no_mux,100.0,0.0010079454858851348,3,1000,857.0,0.857
no_mux,1000.0,0.0010079454858851348,3,1000,95.0,0.095
no_mux,10.0,0.0010079454858851348,4,1000,885.0,0.885
no_mux,100.0,0.0010079454858851348,4,1000,740.0,0.74
no_mux,1000.0,0.0010079454858851348,4,1000,35.0,0.035
no_mux,10.0,0.0010079454858851348,5,1000,935.0,0.935
no_mux,100.0,0.0010079454858851348,5,1000,859.0,0.859
no_mux,1000.0,0.0010079454858851348,5,1000,63.0,0.063
no_mux,10.0,0.0010079454858851348,6,1000,935.0,0.935
no_mux,100.0,0.0010079454858851348,6,1000,853.0,0.853
no_mux,1000.0,0.0010079454858851348,6,1000,60.0,0.06
no_mux,10.0,0.0010079454858851348,7,1000,915.0,0.915
no_mux,100.0,0.0010079454858851348,7,1000,834.0,0.834
no_mux,1000.0,0.0010079454858851348,7,1000,59.0,0.059
no_mux,10.0,0.0010079454858851348,8,1000,931.0,0.931
no_mux,100.0,0.0010079454858851348,8,1000,825.0,0.825
no_mux,1000.0,0.0010079454858851348,8,1000,67.0,0.067
no_mux,10.0,0.0010079454858851348,9,1000,793.0,0.793
no_mux,100.0,0.0010079454858851348,9,1000,553.0,0.553
no_mux,1000.0,0.0010079454858851348,9,1000,59.0,0.059
no_mux,10.0,0.0012843997196158193,0,1000,952.0,0.952
no_mux,100.0,0.0012843997196158193,0,1000,900.0,0.9
no_mux,1000.0,0.0012843997196158193,0,1000,205.0,0.205
no_mux,10.0,0.0012843997196158193,1,1000,924.0,0.924
no_mux,100.0,0.0012843997196158193,1,1000,836.0,0.836
no_mux,1000.0,0.0012843997196158193,1,1000,94.0,0.094
no_mux,10.0,0.0012843997196158193,2,1000,946.0,0.946
no_mux,100.0,0.0012843997196158193,2,1000,908.0,0.908
no_mux,1000.0,0.0012843997196158193,2,1000,226.0,0.226
no_mux,10.0,0.0012843997196158193,3,1000,919.0,0.919
no_mux,100.0,0.0012843997196158193,3,1000,846.0,0.846
no_mux,1000.0,0.0012843997196158193,3,1000,184.0,0.184
no_mux,10.0,0.0012843997196158193,4,1000,881.0,0.881
no_mux,100.0,0.0012843997196158193,4,1000,761.0,0.761
no_mux,1000.0,0.0012843997196158193,4,1000,67.0,0.067
no_mux,10.0,0.0012843997196158193,5,1000,907.0,0.907
no_mux,100.0,0.0012843997196158193,5,1000,816.0,0.816
no_mux,1000.0,0.0012843997196158193,5,1000,145.0,0.145
no_mux,10.0,0.0012843997196158193,6,1000,922.0,0.922
no_mux,100.0,0.0012843997196158193,6,1000,835.0,0.835
no_mux,1000.0,0.0012843997196158193,6,1000,79.0,0.079
no_mux,10.0,0.0012843997196158193,7,1000,935.0,0.935
no_mux,100.0,0.0012843997196158193,7,1000,861.0,0.861
no_mux,1000.0,0.0012843997196158193,7,1000,110.0,0.11
no_mux,10.0,0.0012843997196158193,8,1000,961.0,0.961
no_mux,100.0,0.0012843997196158193,8,1000,900.0,0.9
no_mux,1000.0,0.0012843997196158193,8,1000,70.0,0.07
no_mux,10.0,0.0012843997196158193,9,1000,950.0,0.95
no_mux,100.0,0.0012843997196158193,9,1000,889.0,0.889
no_mux,1000.0,0.0012843997196158193,9,1000,120.0,0.12
no_mux,10.0,0.0016366784343505565,0,1000,952.0,0.952
no_mux,100.0,0.0016366784343505565,0,1000,889.0,0.889
no_mux,1000.0,0.0016366784343505565,0,1000,137.0,0.137
no_mux,10.0,0.0016366784343505565,1,1000,955.0,0.955
no_mux,100.0,0.0016366784343505565,1,1000,920.0,0.92
no_mux,1000.0,0.0016366784343505565,1,1000,175.0,0.175
no_mux,10.0,0.0016366784343505565,2,1000,974.0,0.974
no_mux,100.0,0.0016366784343505565,2,1000,928.0,0.928
no_mux,1000.0,0.0016366784343505565,2,1000,127.0,0.127
no_mux,10.0,0.0016366784343505565,3,1000,878.0,0.878
no_mux,100.0,0.0016366784343505565,3,1000,819.0,0.819
no_mux,1000.0,0.0016366784343505565,3,1000,137.0,0.137
no_mux,10.0,0.0016366784343505565,4,1000,969.0,0.969
no_mux,100.0,0.0016366784343505565,4,1000,929.0,0.929
no_mux,1000.0,0.0016366784343505565,4,1000,150.0,0.15
no_mux,10.0,0.0016366784343505565,5,1000,934.0,0.934
no_mux,100.0,0.0016366784343505565,5,1000,866.0,0.866
no_mux,1000.0,0.0016366784343505565,5,1000,124.0,0.124
no_mux,10.0,0.0016366784343505565,6,1000,948.0,0.948
no_mux,100.0,0.0016366784343505565,6,1000,911.0,0.911
no_mux,1000.0,0.0016366784343505565,6,1000,231.0,0.231
no_mux,10.0,0.0016366784343505565,7,1000,968.0,0.968
no_mux,100.0,0.0016366784343505565,7,1000,937.0,0.937
no_mux,1000.0,0.0016366784343505565,7,1000,322.0,0.322
no_mux,10.0,0.0016366784343505565,8,1000,828.0,0.828
no_mux,100.0,0.0016366784343505565,8,1000,736.0,0.736
no_mux,1000.0,0.0016366784343505565,8,1000,159.0,0.159
no_mux,10.0,0.0016366784343505565,9,1000,880.0,0.88
no_mux,100.0,0.0016366784343505565,9,1000,801.0,0.801
no_mux,1000.0,0.0016366784343505565,9,1000,109.0,0.109
no_mux,10.0,0.0020855783885326824,0,1000,963.0,0.963
no_mux,100.0,0.0020855783885326824,0,1000,933.0,0.933
no_mux,1000.0,0.0020855783885326824,0,1000,374.0,0.374
no_mux,10.0,0.0020855783885326824,1,1000,948.0,0.948
no_mux,100.0,0.0020855783885326824,1,1000,908.0,0.908
no_mux,1000.0,0.0020855783885326824,1,1000,309.0,0.309
no_mux,10.0,0.0020855783885326824,2,1000,979.0,0.979
no_mux,100.0,0.0020855783885326824,2,1000,946.0,0.946
no_mux,1000.0,0.0020855783885326824,2,1000,271.0,0.271
no_mux,10.0,0.0020855783885326824,3,1000,979.0,0.979
no_mux,100.0,0.0020855783885326824,3,1000,953.0,0.953
no_mux,1000.0,0.0020855783885326824,3,1000,347.0,0.347
no_mux,10.0,0.0020855783885326824,4,1000,963.0,0.963
no_mux,100.0,0.0020855783885326824,4,1000,942.0,0.942
no_mux,1000.0,0.0020855783885326824,4,1000,554.0,0.554
no_mux,10.0,0.0020855783885326824,5,1000,973.0,0.973
no_mux,100.0,0.0020855783885326824,5,1000,937.0,0.937
no_mux,1000.0,0.0020855783885326824,5,1000,328.0,0.328
no_mux,10.0,0.0020855783885326824,6,1000,951.0,0.951
no_mux,100.0,0.0020855783885326824,6,1000,919.0,0.919
no_mux,1000.0,0.0020855783885326824,6,1000,728.0,0.728
no_mux,10.0,0.0020855783885326824,7,1000,948.0,0.948
no_mux,100.0,0.0020855783885326824,7,1000,896.0,0.896
no_mux,1000.0,0.0020855783885326824,7,1000,242.0,0.242
no_mux,10.0,0.0020855783885326824,8,1000,974.0,0.974
no_mux,100.0,0.0020855783885326824,8,1000,934.0,0.934
no_mux,1000.0,0.0020855783885326824,8,1000,306.0,0.306
no_mux,10.0,0.0020855783885326824,9,1000,952.0,0.952
no_mux,100.0,0.0020855783885326824,9,1000,901.0,0.901
no_mux,1000.0,0.0020855783885326824,9,1000,184.0,0.184
no_mux,10.0,0.002657600371230248,0,1000,953.0,0.953
no_mux,100.0,0.002657600371230248,0,1000,889.0,0.889
no_mux,1000.0,0.002657600371230248,0,1000,252.0,0.252
no_mux,10.0,0.002657600371230248,1,1000,974.0,0.974
no_mux,100.0,0.002657600371230248,1,1000,947.0,0.947
no_mux,1000.0,0.002657600371230248,1,1000,418.0,0.418
no_mux,10.0,0.002657600371230248,2,1000,973.0,0.973
no_mux,100.0,0.002657600371230248,2,1000,950.0,0.95
no_mux,1000.0,0.002657600371230248,2,1000,607.0,0.607
no_mux,10.0,0.002657600371230248,3,1000,959.0,0.959
no_mux,100.0,0.002657600371230248,3,1000,914.0,0.914
no_mux,1000.0,0.002657600371230248,3,1000,699.0,0.699
no_mux,10.0,0.002657600371230248,4,1000,964.0,0.964
no_mux,100.0,0.002657600371230248,4,1000,945.0,0.945
no_mux,1000.0,0.002657600371230248,4,1000,622.0,0.622
no_mux,10.0,0.002657600371230248,5,1000,983.0,0.983
no_mux,100.0,0.002657600371230248,5,1000,965.0,0.965
no_mux,1000.0,0.002657600371230248,5,1000,692.0,0.692
no_mux,10.0,0.002657600371230248,6,1000,935.0,0.935
no_mux,100.0,0.002657600371230248,6,1000,860.0,0.86
no_mux,1000.0,0.002657600371230248,6,1000,514.0,0.514
no_mux,10.0,0.002657600371230248,7,1000,966.0,0.966
no_mux,100.0,0.002657600371230248,7,1000,935.0,0.935
no_mux,1000.0,0.002657600371230248,7,1000,764.0,0.764
no_mux,10.0,0.002657600371230248,8,1000,978.0,0.978
no_mux,100.0,0.002657600371230248,8,1000,953.0,0.953
no_mux,1000.0,0.002657600371230248,8,1000,418.0,0.418
no_mux,10.0,0.002657600371230248,9,1000,977.0,0.977
no_mux,100.0,0.002657600371230248,9,1000,950.0,0.95
no_mux,1000.0,0.002657600371230248,9,1000,682.0,0.682
no_mux,10.0,0.0033865136750540663,0,1000,982.0,0.982
no_mux,100.0,0.0033865136750540663,0,1000,959.0,0.959
no_mux,1000.0,0.0033865136750540663,0,1000,861.0,0.861
no_mux,10.0,0.0033865136750540663,1,1000,976.0,0.976
no_mux,100.0,0.0033865136750540663,1,1000,957.0,0.957
no_mux,1000.0,0.0033865136750540663,1,1000,854.0,0.854
no_mux,10.0,0.0033865136750540663,2,1000,963.0,0.963
no_mux,100.0,0.0033865136750540663,2,1000,891.0,0.891
no_mux,1000.0,0.0033865136750540663,2,1000,542.0,0.542
no_mux,10.0,0.0033865136750540663,3,1000,970.0,0.97
no_mux,100.0,0.0033865136750540663,3,1000,948.0,0.948
no_mux,1000.0,0.0033865136750540663,3,1000,804.0,0.804
no_mux,10.0,0.0033865136750540663,4,1000,915.0,0.915
no_mux,100.0,0.0033865136750540663,4,1000,855.0,0.855
no_mux,1000.0,0.0033865136750540663,4,1000,495.0,0.495
no_mux,10.0,0.0033865136750540663,5,1000,976.0,0.976
no_mux,100.0,0.0033865136750540663,5,1000,945.0,0.945
no_mux,1000.0,0.0033865136750540663,5,1000,789.0,0.789
no_mux,10.0,0.0033865136750540663,6,1000,951.0,0.951
no_mux,100.0,0.0033865136750540663,6,1000,894.0,0.894
no_mux,1000.0,0.0033865136750540663,6,1000,721.0,0.721
no_mux,10.0,0.0033865136750540663,7,1000,974.0,0.974
no_mux,100.0,0.0033865136750540663,7,1000,919.0,0.919
no_mux,1000.0,0.0033865136750540663,7,1000,750.0,0.75
no_mux,10.0,0.0033865136750540663,8,1000,981.0,0.981
no_mux,100.0,0.0033865136750540663,8,1000,959.0,0.959
no_mux,1000.0,0.0033865136750540663,8,1000,677.0,0.677
no_mux,10.0,0.0033865136750540663,9,1000,972.0,0.972
no_mux,100.0,0.0033865136750540663,9,1000,924.0,0.924
no_mux,1000.0,0.0033865136750540663,9,1000,739.0,0.739
no_mux,10.0,0.004315349664862991,0,1000,983.0,0.983
no_mux,100.0,0.004315349664862991,0,1000,963.0,0.963
no_mux,1000.0,0.004315349664862991,0,1000,860.0,0.86
no_mux,10.0,0.004315349664862991,1,1000,977.0,0.977
no_mux,100.0,0.004315349664862991,1,1000,960.0,0.96
no_mux,1000.0,0.004315349664862991,1,1000,822.0,0.822
no_mux,10.0,0.004315349664862991,2,1000,975.0,0.975
no_mux,100.0,0.004315349664862991,2,1000,943.0,0.943
no_mux,1000.0,0.004315349664862991,2,1000,798.0,0.798
no_mux,10.0,0.004315349664862991,3,1000,973.0,0.973
no_mux,100.0,0.004315349664862991,3,1000,942.0,0.942
no_mux,1000.0,0.004315349664862991,3,1000,807.0,0.807
no_mux,10.0,0.004315349664862991,4,1000,977.0,0.977
no_mux,100.0,0.004315349664862991,4,1000,954.0,0.954
no_mux,1000.0,0.004315349664862991,4,1000,862.0,0.862
no_mux,10.0,0.004315349664862991,5,1000,991.0,0.991
no_mux,100.0,0.004315349664862991,5,1000,983.0,0.983
no_mux,1000.0,0.004315349664862991,5,1000,930.0,0.93
no_mux,10.0,0.004315349664862991,6,1000,983.0,0.983
no_mux,100.0,0.004315349664862991,6,1000,954.0,0.954
no_mux,1000.0,0.004315349664862991,6,1000,864.0,0.864
no_mux,10.0,0.004315349664862991,7,1000,987.0,0.987
no_mux,100.0,0.004315349664862991,7,1000,966.0,0.966
no_mux,1000.0,0.004315349664862991,7,1000,890.0,0.89
no_mux,10.0,0.004315349664862991,8,1000,973.0,0.973
no_mux,100.0,0.004315349664862991,8,1000,946.0,0.946
no_mux,1000.0,0.004315349664862991,8,1000,777.0,0.777
no_mux,10.0,0.004315349664862991,9,1000,982.0,0.982
no_mux,100.0,0.004315349664862991,9,1000,967.0,0.967
no_mux,1000.0,0.004315349664862991,9,1000,883.0,0.883
no_mux,10.0,0.005498942132497309,0,1000,988.0,0.988
no_mux,100.0,0.005498942132497309,0,1000,946.0,0.946
no_mux,1000.0,0.005498942132497309,0,1000,855.0,0.855
no_mux,10.0,0.005498942132497309,1,1000,992.0,0.992
no_mux,100.0,0.005498942132497309,1,1000,975.0,0.975
no_mux,1000.0,0.005498942132497309,1,1000,890.0,0.89
no_mux,10.0,0.005498942132497309,2,1000,985.0,0.985
no_mux,100.0,0.005498942132497309,2,1000,960.0,0.96
no_mux,1000.0,0.005498942132497309,2,1000,895.0,0.895
no_mux,10.0,0.005498942132497309,3,1000,986.0,0.986
no_mux,100.0,0.005498942132497309,3,1000,965.0,0.965
no_mux,1000.0,0.005498942132497309,3,1000,886.0,0.886
no_mux,10.0,0.005498942132497309,4,1000,994.0,0.994
no_mux,100.0,0.005498942132497309,4,1000,967.0,0.967
no_mux,1000.0,0.005498942132497309,4,1000,881.0,0.881
no_mux,10.0,0.005498942132497309,5,1000,988.0,0.988
no_mux,100.0,0.005498942132497309,5,1000,966.0,0.966
no_mux,1000.0,0.005498942132497309,5,1000,902.0,0.902
no_mux,10.0,0.005498942132497309,6,1000,990.0,0.99
no_mux,100.0,0.005498942132497309,6,1000,965.0,0.965
no_mux,1000.0,0.005498942132497309,6,1000,853.0,0.853
no_mux,10.0,0.005498942132497309,7,1000,992.0,0.992
no_mux,100.0,0.005498942132497309,7,1000,977.0,0.977
no_mux,1000.0,0.005498942132497309,7,1000,905.0,0.905
no_mux,10.0,0.005498942132497309,8,1000,991.0,0.991
no_mux,100.0,0.005498942132497309,8,1000,973.0,0.973
no_mux,1000.0,0.005498942132497309,8,1000,910.0,0.91
no_mux,10.0,0.005498942132497309,9,1000,984.0,0.984
no_mux,100.0,0.005498942132497309,9,1000,961.0,0.961
no_mux,1000.0,0.005498942132497309,9,1000,850.0,0.85
no_mux,10.0,0.0070071644072703665,0,1000,991.0,0.991
no_mux,100.0,0.0070071644072703665,0,1000,970.0,0.97
no_mux,1000.0,0.0070071644072703665,0,1000,891.0,0.891
no_mux,10.0,0.0070071644072703665,1,1000,980.0,0.98
no_mux,100.0,0.0070071644072703665,1,1000,960.0,0.96
no_mux,1000.0,0.0070071644072703665,1,1000,885.0,0.885
no_mux,10.0,0.0070071644072703665,2,1000,941.0,0.941
no_mux,100.0,0.0070071644072703665,2,1000,880.0,0.88
no_mux,1000.0,0.0070071644072703665,2,1000,797.0,0.797
no_mux,10.0,0.0070071644072703665,3,1000,987.0,0.987
no_mux,100.0,0.0070071644072703665,3,1000,969.0,0.969
no_mux,1000.0,0.0070071644072703665,3,1000,894.0,0.894
no_mux,10.0,0.0070071644072703665,4,1000,964.0,0.964
no_mux,100.0,0.0070071644072703665,4,1000,912.0,0.912
no_mux,1000.0,0.0070071644072703665,4,1000,817.0,0.817
no_mux,10.0,0.0070071644072703665,5,1000,991.0,0.991
no_mux,100.0,0.0070071644072703665,5,1000,980.0,0.98
no_mux,1000.0,0.0070071644072703665,5,1000,934.0,0.934
no_mux,10.0,0.0070071644072703665,6,1000,992.0,0.992
no_mux,100.0,0.0070071644072703665,6,1000,977.0,0.977
no_mux,1000.0,0.0070071644072703665,6,1000,909.0,0.909
no_mux,10.0,0.0070071644072703665,7,1000,990.0,0.99
no_mux,100.0,0.0070071644072703665,7,1000,971.0,0.971
no_mux,1000.0,0.0070071644072703665,7,1000,872.0,0.872
no_mux,10.0,0.0070071644072703665,8,1000,978.0,0.978
no_mux,100.0,0.0070071644072703665,8,1000,954.0,0.954
no_mux,1000.0,0.0070071644072703665,8,1000,873.0,0.873
no_mux,10.0,0.0070071644072703665,9,1000,994.0,0.994
no_mux,100.0,0.0070071644072703665,9,1000,982.0,0.982
no_mux,1000.0,0.0070071644072703665,9,1000,929.0,0.929
no_mux,10.0,0.008929054324893961,0,1000,996.0,0.996
no_mux,100.0,0.008929054324893961,0,1000,981.0,0.981
no_mux,1000.0,0.008929054324893961,0,1000,922.0,0.922
no_mux,10.0,0.008929054324893961,1,1000,995.0,0.995
no_mux,100.0,0.008929054324893961,1,1000,983.0,0.983
no_mux,1000.0,0.008929054324893961,1,1000,900.0,0.9
no_mux,10.0,0.008929054324893961,2,1000,997.0,0.997
no_mux,100.0,0.008929054324893961,2,1000,982.0,0.982
no_mux,1000.0,0.008929054324893961,2,1000,935.0,0.935
no_mux,10.0,0.008929054324893961,3,1000,994.0,0.994
no_mux,100.0,0.008929054324893961,3,1000,984.0,0.984
no_mux,1000.0,0.008929054324893961,3,1000,943.0,0.943
no_mux,10.0,0.008929054324893961,4,1000,994.0,0.994
no_mux,100.0,0.008929054324893961,4,1000,981.0,0.981
no_mux,1000.0,0.008929054324893961,4,1000,926.0,0.926
no_mux,10.0,0.008929054324893961,5,1000,992.0,0.992
no_mux,100.0,0.008929054324893961,5,1000,972.0,0.972
no_mux,1000.0,0.008929054324893961,5,1000,921.0,0.921
no_mux,10.0,0.008929054324893961,6,1000,995.0,0.995
no_mux,100.0,0.008929054324893961,6,1000,984.0,0.984
no_mux,1000.0,0.008929054324893961,6,1000,936.0,0.936
no_mux,10.0,0.008929054324893961,7,1000,990.0,0.99
no_mux,100.0,0.008929054324893961,7,1000,969.0,0.969
no_mux,1000.0,0.008929054324893961,7,1000,920.0,0.92
no_mux,10.0,0.008929054324893961,8,1000,997.0,0.997
no_mux,100.0,0.008929054324893961,8,1000,992.0,0.992
no_mux,1000.0,0.008929054324893961,8,1000,977.0,0.977
no_mux,10.0,0.008929054324893961,9,1000,986.0,0.986
no_mux,100.0,0.008929054324893961,9,1000,947.0,0.947
no_mux,1000.0,0.008929054324893961,9,1000,841.0,0.841
no_mux,10.0,0.011378070572196754,0,1000,1000.0,1.0
no_mux,100.0,0.011378070572196754,0,1000,994.0,0.994
no_mux,1000.0,0.011378070572196754,0,1000,962.0,0.962
no_mux,10.0,0.011378070572196754,1,1000,998.0,0.998
no_mux,100.0,0.011378070572196754,1,1000,988.0,0.988
no_mux,1000.0,0.011378070572196754,1,1000,938.0,0.938
no_mux,10.0,0.011378070572196754,2,1000,997.0,0.997
no_mux,100.0,0.011378070572196754,2,1000,970.0,0.97
no_mux,1000.0,0.011378070572196754,2,1000,894.0,0.894
no_mux,10.0,0.011378070572196754,3,1000,999.0,0.999
no_mux,100.0,0.011378070572196754,3,1000,990.0,0.99
no_mux,1000.0,0.011378070572196754,3,1000,940.0,0.94
no_mux,10.0,0.011378070572196754,4,1000,994.0,0.994
no_mux,100.0,0.011378070572196754,4,1000,988.0,0.988
no_mux,1000.0,0.011378070572196754,4,1000,925.0,0.925
no_mux,10.0,0.011378070572196754,5,1000,996.0,0.996
no_mux,100.0,0.011378070572196754,5,1000,986.0,0.986
no_mux,1000.0,0.011378070572196754,5,1000,965.0,0.965
no_mux,10.0,0.011378070572196754,6,1000,990.0,0.99
no_mux,100.0,0.011378070572196754,6,1000,965.0,0.965
no_mux,1000.0,0.011378070572196754,6,1000,884.0,0.884
no_mux,10.0,0.011378070572196754,7,1000,987.0,0.987
no_mux,100.0,0.011378070572196754,7,1000,983.0,0.983
no_mux,1000.0,0.011378070572196754,7,1000,941.0,0.941
no_mux,10.0,0.011378070572196754,8,1000,994.0,0.994
no_mux,100.0,0.011378070572196754,8,1000,986.0,0.986
no_mux,1000.0,0.011378070572196754,8,1000,950.0,0.95
no_mux,10.0,0.011378070572196754,9,1000,994.0,0.994
no_mux,100.0,0.011378070572196754,9,1000,975.0,0.975
no_mux,1000.0,0.011378070572196754,9,1000,892.0,0.892
no_mux,10.0,0.014498790715715262,0,1000,998.0,0.998
no_mux,100.0,0.014498790715715262,0,1000,993.0,0.993
no_mux,1000.0,0.014498790715715262,0,1000,943.0,0.943
no_mux,10.0,0.014498790715715262,1,1000,993.0,0.993
no_mux,100.0,0.014498790715715262,1,1000,978.0,0.978
no_mux,1000.0,0.014498790715715262,1,1000,941.0,0.941
no_mux,10.0,0.014498790715715262,2,1000,998.0,0.998
no_mux,100.0,0.014498790715715262,2,1000,989.0,0.989
no_mux,1000.0,0.014498790715715262,2,1000,955.0,0.955
no_mux,10.0,0.014498790715715262,3,1000,1000.0,1.0
no_mux,100.0,0.014498790715715262,3,1000,993.0,0.993
no_mux,1000.0,0.014498790715715262,3,1000,943.0,0.943
no_mux,10.0,0.014498790715715262,4,1000,1000.0,1.0
no_mux,100.0,0.014498790715715262,4,1000,988.0,0.988
no_mux,1000.0,0.014498790715715262,4,1000,944.0,0.944
no_mux,10.0,0.014498790715715262,5,1000,998.0,0.998
no_mux,100.0,0.014498790715715262,5,1000,993.0,0.993
no_mux,1000.0,0.014498790715715262,5,1000,962.0,0.962
no_mux,10.0,0.014498790715715262,6,1000,998.0,0.998
no_mux,100.0,0.014498790715715262,6,1000,990.0,0.99
no_mux,1000.0,0.014498790715715262,6,1000,966.0,0.966
no_mux,10.0,0.014498790715715262,7,1000,995.0,0.995
no_mux,100.0,0.014498790715715262,7,1000,983.0,0.983
no_mux,1000.0,0.014498790715715262,7,1000,937.0,0.937
no_mux,10.0,0.014498790715715262,8,1000,990.0,0.99
no_mux,100.0,0.014498790715715262,8,1000,930.0,0.93
no_mux,1000.0,0.014498790715715262,8,1000,806.0,0.806
no_mux,10.0,0.014498790715715262,9,1000,998.0,0.998
no_mux,100.0,0.014498790715715262,9,1000,989.0,0.989
no_mux,1000.0,0.014498790715715262,9,1000,933.0,0.933
no_mux,10.0,0.01847544633198079,0,1000,999.0,0.999
no_mux,100.0,0.01847544633198079,0,1000,990.0,0.99
no_mux,1000.0,0.01847544633198079,0,1000,956.0,0.956
no_mux,10.0,0.01847544633198079,1,1000,1000.0,1.0
no_mux,100.0,0.01847544633198079,1,1000,992.0,0.992
no_mux,1000.0,0.01847544633198079,1,1000,959.0,0.959
no_mux,10.0,0.01847544633198079,2,1000,1000.0,1.0
no_mux,100.0,0.01847544633198079,2,1000,996.0,0.996
no_mux,1000.0,0.01847544633198079,2,1000,981.0,0.981
no_mux,10.0,0.01847544633198079,3,1000,999.0,0.999
no_mux,100.0,0.01847544633198079,3,1000,993.0,0.993
no_mux,1000.0,0.01847544633198079,3,1000,946.0,0.946
no_mux,10.0,0.01847544633198079,4,1000,1000.0,1.0
no_mux,100.0,0.01847544633198079,4,1000,990.0,0.99
no_mux,1000.0,0.01847544633198079,4,1000,923.0,0.923
no_mux,10.0,0.01847544633198079,5,1000,999.0,0.999
no_mux,100.0,0.01847544633198079,5,1000,995.0,0.995
no_mux,1000.0,0.01847544633198079,5,1000,940.0,0.94
no_mux,10.0,0.01847544633198079,6,1000,999.0,0.999
no_mux,100.0,0.01847544633198079,6,1000,994.0,0.994
no_mux,1000.0,0.01847544633198079,6,1000,976.0,0.976
no_mux,10.0,0.01847544633198079,7,1000,1000.0,1.0
no_mux,100.0,0.01847544633198079,7,1000,991.0,0.991
no_mux,1000.0,0.01847544633198079,7,1000,957.0,0.957
no_mux,10.0,0.01847544633198079,8,1000,992.0,0.992
no_mux,100.0,0.01847544633198079,8,1000,986.0,0.986
no_mux,1000.0,0.01847544633198079,8,1000,960.0,0.96
no_mux,10.0,0.01847544633198079,9,1000,1000.0,1.0
no_mux,100.0,0.01847544633198079,9,1000,993.0,0.993
no_mux,1000.0,0.01847544633198079,9,1000,943.0,0.943
no_mux,10.0,0.02354279911054384,0,1000,1000.0,1.0
no_mux,100.0,0.02354279911054384,0,1000,999.0,0.999
no_mux,1000.0,0.02354279911054384,0,1000,961.0,0.961
no_mux,10.0,0.02354279911054384,1,1000,1000.0,1.0
no_mux,100.0,0.02354279911054384,1,1000,999.0,0.999
no_mux,1000.0,0.02354279911054384,1,1000,977.0,0.977
no_mux,10.0,0.02354279911054384,2,1000,997.0,0.997
no_mux,100.0,0.02354279911054384,2,1000,941.0,0.941
no_mux,1000.0,0.02354279911054384,2,1000,833.0,0.833
no_mux,10.0,0.02354279911054384,3,1000,1000.0,1.0
no_mux,100.0,0.02354279911054384,3,1000,999.0,0.999
no_mux,1000.0,0.02354279911054384,3,1000,980.0,0.98
no_mux,10.0,0.02354279911054384,4,1000,1000.0,1.0
no_mux,100.0,0.02354279911054384,4,1000,997.0,0.997
no_mux,1000.0,0.02354279911054384,4,1000,949.0,0.949
no_mux,10.0,0.02354279911054384,5,1000,1000.0,1.0
no_mux,100.0,0.02354279911054384,5,1000,998.0,0.998
no_mux,1000.0,0.02354279911054384,5,1000,949.0,0.949
no_mux,10.0,0.02354279911054384,6,1000,1000.0,1.0
no_mux,100.0,0.02354279911054384,6,1000,986.0,0.986
no_mux,1000.0,0.02354279911054384,6,1000,963.0,0.963
no_mux,10.0,0.02354279911054384,7,1000,1000.0,1.0
no_mux,100.0,0.02354279911054384,7,1000,995.0,0.995
no_mux,1000.0,0.02354279911054384,7,1000,978.0,0.978
no_mux,10.0,0.02354279911054384,8,1000,1000.0,1.0
no_mux,100.0,0.02354279911054384,8,1000,998.0,0.998
no_mux,1000.0,0.02354279911054384,8,1000,977.0,0.977
no_mux,10.0,0.02354279911054384,9,1000,1000.0,1.0
no_mux,100.0,0.02354279911054384,9,1000,999.0,0.999
no_mux,1000.0,0.02354279911054384,9,1000,983.0,0.983
no_mux,10.0,0.029999999999999995,0,1000,1000.0,1.0
no_mux,100.0,0.029999999999999995,0,1000,996.0,0.996
no_mux,1000.0,0.029999999999999995,0,1000,983.0,0.983
no_mux,10.0,0.029999999999999995,1,1000,1000.0,1.0
no_mux,100.0,0.029999999999999995,1,1000,996.0,0.996
no_mux,1000.0,0.029999999999999995,1,1000,971.0,0.971
no_mux,10.0,0.029999999999999995,2,1000,1000.0,1.0
no_mux,100.0,0.029999999999999995,2,1000,998.0,0.998
no_mux,1000.0,0.029999999999999995,2,1000,985.0,0.985
no_mux,10.0,0.029999999999999995,3,1000,1000.0,1.0
no_mux,100.0,0.029999999999999995,3,1000,998.0,0.998
no_mux,1000.0,0.029999999999999995,3,1000,976.0,0.976
no_mux,10.0,0.029999999999999995,4,1000,1000.0,1.0
no_mux,100.0,0.029999999999999995,4,1000,999.0,0.999
no_mux,1000.0,0.029999999999999995,4,1000,981.0,0.981
no_mux,10.0,0.029999999999999995,5,1000,1000.0,1.0
no_mux,100.0,0.029999999999999995,5,1000,998.0,0.998
no_mux,1000.0,0.029999999999999995,5,1000,989.0,0.989
no_mux,10.0,0.029999999999999995,6,1000,1000.0,1.0
no_mux,100.0,0.029999999999999995,6,1000,996.0,0.996
no_mux,1000.0,0.029999999999999995,6,1000,923.0,0.923
no_mux,10.0,0.029999999999999995,7,1000,1000.0,1.0
no_mux,100.0,0.029999999999999995,7,1000,996.0,0.996
no_mux,1000.0,0.029999999999999995,7,1000,961.0,0.961
no_mux,10.0,0.029999999999999995,8,1000,1000.0,1.0
no_mux,100.0,0.029999999999999995,8,1000,996.0,0.996
no_mux,1000.0,0.029999999999999995,8,1000,976.0,0.976
no_mux,10.0,0.029999999999999995,9,1000,1000.0,1.0
no_mux,100.0,0.029999999999999995,9,1000,998.0,0.998
no_mux,1000.0,0.029999999999999995,9,1000,979.0,0.979
no_mux,10.0,0.07208434242404262,0,1000,1000.0,1.0
no_mux,100.0,0.07208434242404262,0,1000,1000.0,1.0
no_mux,1000.0,0.07208434242404262,0,1000,992.0,0.992
no_mux,10.0,0.07208434242404262,1,1000,1000.0,1.0
no_mux,100.0,0.07208434242404262,1,1000,1000.0,1.0
no_mux,1000.0,0.07208434242404262,1,1000,999.0,0.999
no_mux,10.0,0.07208434242404262,2,1000,1000.0,1.0
no_mux,100.0,0.07208434242404262,2,1000,1000.0,1.0
no_mux,1000.0,0.07208434242404262,2,1000,998.0,0.998
no_mux,10.0,0.07208434242404262,3,1000,1000.0,1.0
no_mux,100.0,0.07208434242404262,3,1000,1000.0,1.0
no_mux,1000.0,0.07208434242404262,3,1000,993.0,0.993
no_mux,10.0,0.07208434242404262,4,1000,1000.0,1.0
no_mux,100.0,0.07208434242404262,4,1000,1000.0,1.0
no_mux,1000.0,0.07208434242404262,4,1000,993.0,0.993
no_mux,10.0,0.07208434242404262,5,1000,1000.0,1.0
no_mux,100.0,0.07208434242404262,5,1000,1000.0,1.0
no_mux,1000.0,0.07208434242404262,5,1000,993.0,0.993
no_mux,10.0,0.07208434242404262,6,1000,1000.0,1.0
no_mux,100.0,0.07208434242404262,6,1000,1000.0,1.0
no_mux,1000.0,0.07208434242404262,6,1000,997.0,0.997
no_mux,10.0,0.07208434242404262,7,1000,1000.0,1.0
no_mux,100.0,0.07208434242404262,7,1000,1000.0,1.0
no_mux,1000.0,0.07208434242404262,7,1000,997.0,0.997
no_mux,10.0,0.07208434242404262,8,1000,1000.0,1.0
no_mux,100.0,0.07208434242404262,8,1000,1000.0,1.0
no_mux,1000.0,0.07208434242404262,8,1000,996.0,0.996
no_mux,10.0,0.07208434242404262,9,1000,1000.0,1.0
no_mux,100.0,0.07208434242404262,9,1000,1000.0,1.0
no_mux,1000.0,0.07208434242404262,9,1000,997.0,0.997
no_mux,10.0,0.17320508075688773,0,1000,1000.0,1.0
no_mux,100.0,0.17320508075688773,0,1000,1000.0,1.0
no_mux,1000.0,0.17320508075688773,0,1000,1000.0,1.0
no_mux,10.0,0.17320508075688773,1,1000,1000.0,1.0
no_mux,100.0,0.17320508075688773,1,1000,1000.0,1.0
no_mux,1000.0,0.17320508075688773,1,1000,998.0,0.998
no_mux,10.0,0.17320508075688773,2,1000,1000.0,1.0
no_mux,100.0,0.17320508075688773,2,1000,1000.0,1.0
no_mux,1000.0,0.17320508075688773,2,1000,999.0,0.999
no_mux,10.0,0.17320508075688773,3,1000,1000.0,1.0
no_mux,100.0,0.17320508075688773,3,1000,1000.0,1.0
no_mux,1000.0,0.17320508075688773,3,1000,1000.0,1.0
no_mux,10.0,0.17320508075688773,4,1000,1000.0,1.0
no_mux,100.0,0.17320508075688773,4,1000,1000.0,1.0
no_mux,1000.0,0.17320508075688773,4,1000,1000.0,1.0
no_mux,10.0,0.17320508075688773,5,1000,1000.0,1.0
no_mux,100.0,0.17320508075688773,5,1000,1000.0,1.0
no_mux,1000.0,0.17320508075688773,5,1000,1000.0,1.0
no_mux,10.0,0.17320508075688773,6,1000,1000.0,1.0
no_mux,100.0,0.17320508075688773,6,1000,1000.0,1.0
no_mux,1000.0,0.17320508075688773,6,1000,993.0,0.993
no_mux,10.0,0.17320508075688773,7,1000,1000.0,1.0
no_mux,100.0,0.17320508075688773,7,1000,1000.0,1.0
no_mux,1000.0,0.17320508075688773,7,1000,996.0,0.996
no_mux,10.0,0.17320508075688773,8,1000,1000.0,1.0
no_mux,100.0,0.17320508075688773,8,1000,1000.0,1.0
no_mux,1000.0,0.17320508075688773,8,1000,997.0,0.997
no_mux,10.0,0.17320508075688773,9,1000,1000.0,1.0
no_mux,100.0,0.17320508075688773,9,1000,1000.0,1.0
no_mux,1000.0,0.17320508075688773,9,1000,1000.0,1.0
no_mux,10.0,0.4161791450287818,0,1000,1000.0,1.0
no_mux,100.0,0.4161791450287818,0,1000,1000.0,1.0
no_mux,1000.0,0.4161791450287818,0,1000,1000.0,1.0
no_mux,10.0,0.4161791450287818,1,1000,1000.0,1.0
no_mux,100.0,0.4161791450287818,1,1000,1000.0,1.0
no_mux,1000.0,0.4161791450287818,1,1000,1000.0,1.0
no_mux,10.0,0.4161791450287818,2,1000,1000.0,1.0
no_mux,100.0,0.4161791450287818,2,1000,1000.0,1.0
no_mux,1000.0,0.4161791450287818,2,1000,1000.0,1.0
no_mux,10.0,0.4161791450287818,3,1000,1000.0,1.0
no_mux,100.0,0.4161791450287818,3,1000,1000.0,1.0
no_mux,1000.0,0.4161791450287818,3,1000,1000.0,1.0
no_mux,10.0,0.4161791450287818,4,1000,1000.0,1.0
no_mux,100.0,0.4161791450287818,4,1000,1000.0,1.0
no_mux,1000.0,0.4161791450287818,4,1000,1000.0,1.0
no_mux,10.0,0.4161791450287818,5,1000,1000.0,1.0
no_mux,100.0,0.4161791450287818,5,1000,1000.0,1.0
no_mux,1000.0,0.4161791450287818,5,1000,1000.0,1.0
no_mux,10.0,0.4161791450287818,6,1000,1000.0,1.0
no_mux,100.0,0.4161791450287818,6,1000,1000.0,1.0
no_mux,1000.0,0.4161791450287818,6,1000,1000.0,1.0
no_mux,10.0,0.4161791450287818,7,1000,1000.0,1.0
no_mux,100.0,0.4161791450287818,7,1000,1000.0,1.0
no_mux,1000.0,0.4161791450287818,7,1000,1000.0,1.0
no_mux,10.0,0.4161791450287818,8,1000,1000.0,1.0
no_mux,100.0,0.4161791450287818,8,1000,1000.0,1.0
no_mux,1000.0,0.4161791450287818,8,1000,1000.0,1.0
no_mux,10.0,0.4161791450287818,9,1000,1000.0,1.0
no_mux,100.0,0.4161791450287818,9,1000,1000.0,1.0
no_mux,1000.0,0.4161791450287818,9,1000,1000.0,1.0
no_mux,10.0,1.0,0,1000,1000.0,1.0
no_mux,100.0,1.0,0,1000,1000.0,1.0
no_mux,1000.0,1.0,0,1000,1000.0,1.0
no_mux,10.0,1.0,1,1000,1000.0,1.0
no_mux,100.0,1.0,1,1000,1000.0,1.0
no_mux,1000.0,1.0,1,1000,1000.0,1.0
no_mux,10.0,1.0,2,1000,1000.0,1.0
no_mux,100.0,1.0,2,1000,1000.0,1.0
no_mux,1000.0,1.0,2,1000,1000.0,1.0
no_mux,10.0,1.0,3,1000,1000.0,1.0
no_mux,100.0,1.0,3,1000,1000.0,1.0
no_mux,1000.0,1.0,3,1000,1000.0,1.0
no_mux,10.0,1.0,4,1000,1000.0,1.0
no_mux,100.0,1.0,4,1000,1000.0,1.0
no_mux,1000.0,1.0,4,1000,1000.0,1.0
no_mux,10.0,1.0,5,1000,1000.0,1.0
no_mux,100.0,1.0,5,1000,1000.0,1.0
no_mux,1000.0,1.0,5,1000,1000.0,1.0
no_mux,10.0,1.0,6,1000,1000.0,1.0
no_mux,100.0,1.0,6,1000,1000.0,1.0
no_mux,1000.0,1.0,6,1000,1000.0,1.0
no_mux,10.0,1.0,7,1000,1000.0,1.0
no_mux,100.0,1.0,7,1000,1000.0,1.0
no_mux,1000.0,1.0,7,1000,1000.0,1.0
no_mux,10.0,1.0,8,1000,1000.0,1.0
no_mux,100.0,1.0,8,1000,1000.0,1.0
no_mux,1000.0,1.0,8,1000,1000.0,1.0
no_mux,10.0,1.0,9,1000,1000.0,1.0
no_mux,100.0,1.0,9,1000,1000.0,1.0
no_mux,1000.0,1.0,9,1000,1000.0,1.0
mux20,100.0,1e-05,0,1000,8.0,0.008
mux20,1000.0,1e-05,0,1000,5.0,0.005
mux20,10000.0,1e-05,0,1000,3.0,0.003
mux20,100.0,1e-05,1,1000,11.0,0.011
mux20,1000.0,1e-05,1,1000,6.0,0.006
mux20,10000.0,1e-05,1,1000,5.0,0.005
mux20,100.0,1e-05,2,1000,8.0,0.008
mux20,1000.0,1e-05,2,1000,4.0,0.004
mux20,10000.0,1e-05,2,1000,3.0,0.003
mux20,100.0,1e-05,3,1000,9.0,0.009
mux20,1000.0,1e-05,3,1000,5.0,0.005
mux20,10000.0,1e-05,3,1000,4.0,0.004
mux20,100.0,1e-05,4,1000,8.0,0.008
mux20,1000.0,1e-05,4,1000,7.0,0.007
mux20,10000.0,1e-05,4,1000,5.0,0.005
mux20,100.0,1e-05,5,1000,9.0,0.009
mux20,1000.0,1e-05,5,1000,7.0,0.007
mux20,10000.0,1e-05,5,1000,6.0,0.006
mux20,100.0,1e-05,6,1000,7.0,0.007
mux20,1000.0,1e-05,6,1000,7.0,0.007
mux20,10000.0,1e-05,6,1000,3.0,0.003
mux20,100.0,1e-05,7,1000,7.0,0.007
mux20,1000.0,1e-05,7,1000,6.0,0.006
mux20,10000.0,1e-05,7,1000,5.0,0.005
mux20,100.0,1e-05,8,1000,10.0,0.01
mux20,1000.0,1e-05,8,1000,6.0,0.006
mux20,10000.0,1e-05,8,1000,4.0,0.004
mux20,100.0,1e-05,9,1000,8.0,0.008
mux20,1000.0,1e-05,9,1000,6.0,0.006
mux20,10000.0,1e-05,9,1000,3.0,0.003
mux20,100.0,2.340347319320716e-05,0,1000,20.0,0.02
mux20,1000.0,2.340347319320716e-05,0,1000,10.0,0.01
mux20,10000.0,2.340347319320716e-05,0,1000,6.0,0.006
mux20,100.0,2.340347319320716e-05,1,1000,14.0,0.014
mux20,1000.0,2.340347319320716e-05,1,1000,8.0,0.008
mux20,10000.0,2.340347319320716e-05,1,1000,6.0,0.006
mux20,100.0,2.340347319320716e-05,2,1000,14.0,0.014
mux20,1000.0,2.340347319320716e-05,2,1000,11.0,0.011
mux20,10000.0,2.340347319320716e-05,2,1000,4.0,0.004
mux20,100.0,2.340347319320716e-05,3,1000,19.0,0.019
mux20,1000.0,2.340347319320716e-05,3,1000,10.0,0.01
mux20,10000.0,2.340347319320716e-05,3,1000,6.0,0.006
mux20,100.0,2.340347319320716e-05,4,1000,15.0,0.015
mux20,1000.0,2.340347319320716e-05,4,1000,7.0,0.007
mux20,10000.0,2.340347319320716e-05,4,1000,6.0,0.006
mux20,100.0,2.340347319320716e-05,5,1000,15.0,0.015
mux20,1000.0,2.340347319320716e-05,5,1000,9.0,0.009
mux20,10000.0,2.340347319320716e-05,5,1000,5.0,0.005
mux20,100.0,2.340347319320716e-05,6,1000,22.0,0.022
mux20,1000.0,2.340347319320716e-05,6,1000,14.0,0.014
mux20,10000.0,2.340347319320716e-05,6,1000,6.0,0.006
mux20,100.0,2.340347319320716e-05,7,1000,17.0,0.017
mux20,1000.0,2.340347319320716e-05,7,1000,17.0,0.017
mux20,10000.0,2.340347319320716e-05,7,1000,6.0,0.006
mux20,100.0,2.340347319320716e-05,8,1000,21.0,0.021
mux20,1000.0,2.340347319320716e-05,8,1000,8.0,0.008
mux20,10000.0,2.340347319320716e-05,8,1000,5.0,0.005
mux20,100.0,2.340347319320716e-05,9,1000,13.0,0.013
mux20,1000.0,2.340347319320716e-05,9,1000,8.0,0.008
mux20,10000.0,2.340347319320716e-05,9,1000,4.0,0.004
mux20,100.0,5.477225575051662e-05,0,1000,113.0,0.113
mux20,1000.0,5.477225575051662e-05,0,1000,28.0,0.028
mux20,10000.0,5.477225575051662e-05,0,1000,7.0,0.007
mux20,100.0,5.477225575051662e-05,1,1000,27.0,0.027
mux20,1000.0,5.477225575051662e-05,1,1000,16.0,0.016
mux20,10000.0,5.477225575051662e-05,1,1000,7.0,0.007
mux20,100.0,5.477225575051662e-05,2,1000,24.0,0.024
mux20,1000.0,5.477225575051662e-05,2,1000,14.0,0.014
mux20,10000.0,5.477225575051662e-05,2,1000,7.0,0.007
mux20,100.0,5.477225575051662e-05,3,1000,30.0,0.03
mux20,1000.0,5.477225575051662e-05,3,1000,12.0,0.012
mux20,10000.0,5.477225575051662e-05,3,1000,7.0,0.007
mux20,100.0,5.477225575051662e-05,4,1000,63.0,0.063
mux20,1000.0,5.477225575051662e-05,4,1000,15.0,0.015
mux20,10000.0,5.477225575051662e-05,4,1000,8.0,0.008
mux20,100.0,5.477225575051662e-05,5,1000,33.0,0.033
mux20,1000.0,5.477225575051662e-05,5,1000,18.0,0.018
mux20,10000.0,5.477225575051662e-05,5,1000,8.0,0.008
mux20,100.0,5.477225575051662e-05,6,1000,32.0,0.032
mux20,1000.0,5.477225575051662e-05,6,1000,18.0,0.018
mux20,10000.0,5.477225575051662e-05,6,1000,7.0,0.007
mux20,100.0,5.477225575051662e-05,7,1000,33.0,0.033
mux20,1000.0,5.477225575051662e-05,7,1000,15.0,0.015
mux20,10000.0,5.477225575051662e-05,7,1000,8.0,0.008
mux20,100.0,5.477225575051662e-05,8,1000,43.0,0.043
mux20,1000.0,5.477225575051662e-05,8,1000,25.0,0.025
mux20,10000.0,5.477225575051662e-05,8,1000,6.0,0.006
mux20,100.0,5.477225575051662e-05,9,1000,33.0,0.033
mux20,1000.0,5.477225575051662e-05,9,1000,13.0,0.013
mux20,10000.0,5.477225575051662e-05,9,1000,9.0,0.009
mux20,100.0,0.00012818610191887026,0,1000,96.0,0.096
mux20,1000.0,0.00012818610191887026,0,1000,37.0,0.037
mux20,10000.0,0.00012818610191887026,0,1000,12.0,0.012
mux20,100.0,0.00012818610191887026,1,1000,99.0,0.099
mux20,1000.0,0.00012818610191887026,1,1000,59.0,0.059
mux20,10000.0,0.00012818610191887026,1,1000,13.0,0.013
mux20,100.0,0.00012818610191887026,2,1000,113.0,0.113
mux20,1000.0,0.00012818610191887026,2,1000,33.0,0.033
mux20,10000.0,0.00012818610191887026,2,1000,16.0,0.016
mux20,100.0,0.00012818610191887026,3,1000,138.0,0.138
mux20,1000.0,0.00012818610191887026,3,1000,38.0,0.038
mux20,10000.0,0.00012818610191887026,3,1000,12.0,0.012
mux20,100.0,0.00012818610191887026,4,1000,130.0,0.13
mux20,1000.0,0.00012818610191887026,4,1000,49.0,0.049
mux20,10000.0,0.00012818610191887026,4,1000,16.0,0.016
mux20,100.0,0.00012818610191887026,5,1000,43.0,0.043
mux20,1000.0,0.00012818610191887026,5,1000,25.0,0.025
mux20,10000.0,0.00012818610191887026,5,1000,12.0,0.012
mux20,100.0,0.00012818610191887026,6,1000,124.0,0.124
mux20,1000.0,0.00012818610191887026,6,1000,75.0,0.075
mux20,10000.0,0.00012818610191887026,6,1000,15.0,0.015
mux20,100.0,0.00012818610191887026,7,1000,304.0,0.304
mux20,1000.0,0.00012818610191887026,7,1000,36.0,0.036
mux20,10000.0,0.00012818610191887026,7,1000,15.0,0.015
mux20,100.0,0.00012818610191887026,8,1000,138.0,0.138
mux20,1000.0,0.00012818610191887026,8,1000,47.0,0.047
mux20,10000.0,0.00012818610191887026,8,1000,16.0,0.016
mux20,100.0,0.00012818610191887026,9,1000,68.0,0.068
mux20,1000.0,0.00012818610191887026,9,1000,31.0,0.031
mux20,10000.0,0.00012818610191887026,9,1000,16.0,0.016
mux20,100.0,0.00030000000000000014,0,1000,706.0,0.706
mux20,1000.0,0.00030000000000000014,0,1000,82.0,0.082
mux20,10000.0,0.00030000000000000014,0,1000,24.0,0.024
mux20,100.0,0.00030000000000000014,1,1000,837.0,0.837
mux20,1000.0,0.00030000000000000014,1,1000,145.0,0.145
mux20,10000.0,0.00030000000000000014,1,1000,22.0,0.022
mux20,100.0,0.00030000000000000014,2,1000,730.0,0.73
mux20,1000.0,0.00030000000000000014,2,1000,84.0,0.084
mux20,10000.0,0.00030000000000000014,2,1000,25.0,0.025
mux20,100.0,0.00030000000000000014,3,1000,824.0,0.824
mux20,1000.0,0.00030000000000000014,3,1000,265.0,0.265
mux20,10000.0,0.00030000000000000014,3,1000,81.0,0.081
mux20,100.0,0.00030000000000000014,4,1000,767.0,0.767
mux20,1000.0,0.00030000000000000014,4,1000,129.0,0.129
mux20,10000.0,0.00030000000000000014,4,1000,37.0,0.037
mux20,100.0,0.00030000000000000014,5,1000,361.0,0.361
mux20,1000.0,0.00030000000000000014,5,1000,106.0,0.106
mux20,10000.0,0.00030000000000000014,5,1000,28.0,0.028
mux20,100.0,0.00030000000000000014,6,1000,716.0,0.716
mux20,1000.0,0.00030000000000000014,6,1000,263.0,0.263
mux20,10000.0,0.00030000000000000014,6,1000,26.0,0.026
mux20,100.0,0.00030000000000000014,7,1000,820.0,0.82
mux20,1000.0,0.00030000000000000014,7,1000,204.0,0.204
mux20,10000.0,0.00030000000000000014,7,1000,26.0,0.026
mux20,100.0,0.00030000000000000014,8,1000,797.0,0.797
mux20,1000.0,0.00030000000000000014,8,1000,190.0,0.19
mux20,10000.0,0.00030000000000000014,8,1000,52.0,0.052
mux20,100.0,0.00030000000000000014,9,1000,657.0,0.657
mux20,1000.0,0.00030000000000000014,9,1000,157.0,0.157
mux20,10000.0,0.00030000000000000014,9,1000,23.0,0.023
mux20,100.0,0.0003822824957109402,0,1000,803.0,0.803
mux20,1000.0,0.0003822824957109402,0,1000,286.0,0.286
mux20,10000.0,0.0003822824957109402,0,1000,50.0,0.05
mux20,100.0,0.0003822824957109402,1,1000,830.0,0.83
mux20,1000.0,0.0003822824957109402,1,1000,201.0,0.201
mux20,10000.0,0.0003822824957109402,1,1000,51.0,0.051
mux20,100.0,0.0003822824957109402,2,1000,829.0,0.829
mux20,1000.0,0.0003822824957109402,2,1000,220.0,0.22
mux20,10000.0,0.0003822824957109402,2,1000,30.0,0.03
mux20,100.0,0.0003822824957109402,3,1000,834.0,0.834
mux20,1000.0,0.0003822824957109402,3,1000,261.0,0.261
mux20,10000.0,0.0003822824957109402,3,1000,32.0,0.032
mux20,100.0,0.0003822824957109402,4,1000,865.0,0.865
mux20,1000.0,0.0003822824957109402,4,1000,359.0,0.359
mux20,10000.0,0.0003822824957109402,4,1000,36.0,0.036
mux20,100.0,0.0003822824957109402,5,1000,846.0,0.846
mux20,1000.0,0.0003822824957109402,5,1000,198.0,0.198
mux20,10000.0,0.0003822824957109402,5,1000,36.0,0.036
mux20,100.0,0.0003822824957109402,6,1000,714.0,0.714
mux20,1000.0,0.0003822824957109402,6,1000,167.0,0.167
mux20,10000.0,0.0003822824957109402,6,1000,37.0,0.037
mux20,100.0,0.0003822824957109402,7,1000,857.0,0.857
mux20,1000.0,0.0003822824957109402,7,1000,395.0,0.395
mux20,10000.0,0.0003822824957109402,7,1000,38.0,0.038
mux20,100.0,0.0003822824957109402,8,1000,753.0,0.753
mux20,1000.0,0.0003822824957109402,8,1000,246.0,0.246
mux20,10000.0,0.0003822824957109402,8,1000,23.0,0.023
mux20,100.0,0.0003822824957109402,9,1000,853.0,0.853
mux20,1000.0,0.0003822824957109402,9,1000,325.0,0.325
mux20,10000.0,0.0003822824957109402,9,1000,38.0,0.038
mux20,100.0,0.0004871330217566165,0,1000,913.0,0.913
mux20,1000.0,0.0004871330217566165,0,1000,620.0,0.62
mux20,10000.0,0.0004871330217566165,0,1000,56.0,0.056
mux20,100.0,0.0004871330217566165,1,1000,828.0,0.828
mux20,1000.0,0.0004871330217566165,1,1000,409.0,0.409
mux20,10000.0,0.0004871330217566165,1,1000,44.0,0.044
mux20,100.0,0.0004871330217566165,2,1000,903.0,0.903
mux20,1000.0,0.0004871330217566165,2,1000,502.0,0.502
mux20,10000.0,0.0004871330217566165,2,1000,79.0,0.079
mux20,100.0,0.0004871330217566165,3,1000,840.0,0.84
mux20,1000.0,0.0004871330217566165,3,1000,359.0,0.359
mux20,10000.0,0.0004871330217566165,3,1000,69.0,0.069
mux20,100.0,0.0004871330217566165,4,1000,900.0,0.9
mux20,1000.0,0.0004871330217566165,4,1000,334.0,0.334
mux20,10000.0,0.0004871330217566165,4,1000,67.0,0.067
mux20,100.0,0.0004871330217566165,5,1000,922.0,0.922
mux20,1000.0,0.0004871330217566165,5,1000,764.0,0.764
mux20,10000.0,0.0004871330217566165,5,1000,75.0,0.075
mux20,100.0,0.0004871330217566165,6,1000,873.0,0.873
mux20,1000.0,0.0004871330217566165,6,1000,320.0,0.32
mux20,10000.0,0.0004871330217566165,6,1000,58.0,0.058
mux20,100.0,0.0004871330217566165,7,1000,814.0,0.814
mux20,1000.0,0.0004871330217566165,7,1000,327.0,0.327
mux20,10000.0,0.0004871330217566165,7,1000,59.0,0.059
mux20,100.0,0.0004871330217566165,8,1000,894.0,0.894
mux20,1000.0,0.0004871330217566165,8,1000,425.0,0.425
mux20,10000.0,0.0004871330217566165,8,1000,41.0,0.041
mux20,100.0,0.0004871330217566165,9,1000,864.0,0.864
mux20,1000.0,0.0004871330217566165,9,1000,732.0,0.732
mux20,10000.0,0.0004871330217566165,9,1000,34.0,0.034
mux20,100.0,0.0006207414243344372,0,1000,792.0,0.792
mux20,1000.0,0.0006207414243344372,0,1000,229.0,0.229
mux20,10000.0,0.0006207414243344372,0,1000,42.0,0.042
mux20,100.0,0.0006207414243344372,1,1000,869.0,0.869
mux20,1000.0,0.0006207414243344372,1,1000,697.0,0.697
mux20,10000.0,0.0006207414243344372,1,1000,78.0,0.078
mux20,100.0,0.0006207414243344372,2,1000,941.0,0.941
mux20,1000.0,0.0006207414243344372,2,1000,812.0,0.812
mux20,10000.0,0.0006207414243344372,2,1000,104.0,0.104
mux20,100.0,0.0006207414243344372,3,1000,909.0,0.909
mux20,1000.0,0.0006207414243344372,3,1000,789.0,0.789
mux20,10000.0,0.0006207414243344372,3,1000,140.0,0.14
mux20,100.0,0.0006207414243344372,4,1000,927.0,0.927
mux20,1000.0,0.0006207414243344372,4,1000,337.0,0.337
mux20,10000.0,0.0006207414243344372,4,1000,76.0,0.076
mux20,100.0,0.0006207414243344372,5,1000,916.0,0.916
mux20,1000.0,0.0006207414243344372,5,1000,801.0,0.801
mux20,10000.0,0.0006207414243344372,5,1000,105.0,0.105
mux20,100.0,0.0006207414243344372,6,1000,916.0,0.916
mux20,1000.0,0.0006207414243344372,6,1000,737.0,0.737
mux20,10000.0,0.0006207414243344372,6,1000,85.0,0.085
mux20,100.0,0.0006207414243344372,7,1000,879.0,0.879
mux20,1000.0,0.0006207414243344372,7,1000,813.0,0.813
mux20,10000.0,0.0006207414243344372,7,1000,62.0,0.062
mux20,100.0,0.0006207414243344372,8,1000,893.0,0.893
mux20,1000.0,0.0006207414243344372,8,1000,573.0,0.573
mux20,10000.0,0.0006207414243344372,8,1000,61.0,0.061
mux20,100.0,0.0006207414243344372,9,1000,907.0,0.907
mux20,1000.0,0.0006207414243344372,9,1000,776.0,0.776
mux20,10000.0,0.0006207414243344372,9,1000,57.0,0.057
mux20,100.0,0.0007909952696191077,0,1000,886.0,0.886
mux20,1000.0,0.0007909952696191077,0,1000,780.0,0.78
mux20,10000.0,0.0007909952696191077,0,1000,142.0,0.142
mux20,100.0,0.0007909952696191077,1,1000,883.0,0.883
mux20,1000.0,0.0007909952696191077,1,1000,795.0,0.795
mux20,10000.0,0.0007909952696191077,1,1000,112.0,0.112
mux20,100.0,0.0007909952696191077,2,1000,936.0,0.936
mux20,1000.0,0.0007909952696191077,2,1000,880.0,0.88
mux20,10000.0,0.0007909952696191077,2,1000,68.0,0.068
mux20,100.0,0.0007909952696191077,3,1000,948.0,0.948
mux20,1000.0,0.0007909952696191077,3,1000,871.0,0.871
mux20,10000.0,0.0007909952696191077,3,1000,125.0,0.125
mux20,100.0,0.0007909952696191077,4,1000,935.0,0.935
mux20,1000.0,0.0007909952696191077,4,1000,841.0,0.841
mux20,10000.0,0.0007909952696191077,4,1000,94.0,0.094
mux20,100.0,0.0007909952696191077,5,1000,928.0,0.928
mux20,1000.0,0.0007909952696191077,5,1000,883.0,0.883
mux20,10000.0,0.0007909952696191077,5,1000,115.0,0.115
mux20,100.0,0.0007909952696191077,6,1000,862.0,0.862
mux20,1000.0,0.0007909952696191077,6,1000,705.0,0.705
mux20,10000.0,0.0007909952696191077,6,1000,77.0,0.077
mux20,100.0,0.0007909952696191077,7,1000,936.0,0.936
mux20,1000.0,0.0007909952696191077,7,1000,854.0,0.854
mux20,10000.0,0.0007909952696191077,7,1000,124.0,0.124
mux20,100.0,0.0007909952696191077,8,1000,925.0,0.925
mux20,1000.0,0.0007909952696191077,8,1000,857.0,0.857
mux20,10000.0,0.0007909952696191077,8,1000,75.0,0.075
mux20,100.0,0.0007909952696191077,9,1000,928.0,0.928
mux20,1000.0,0.0007909952696191077,9,1000,860.0,0.86
mux20,10000.0,0.0007909952696191077,9,1000,99.0,0.099
mux20,100.0,0.0010079454858851348,0,1000,938.0,0.938
mux20,1000.0,0.0010079454858851348,0,1000,894.0,0.894
mux20,10000.0,0.0010079454858851348,0,1000,176.0,0.176
mux20,100.0,0.0010079454858851348,1,1000,938.0,0.938
mux20,1000.0,0.0010079454858851348,1,1000,904.0,0.904
mux20,10000.0,0.0010079454858851348,1,1000,256.0,0.256
mux20,100.0,0.0010079454858851348,2,1000,929.0,0.929
mux20,1000.0,0.0010079454858851348,2,1000,882.0,0.882
mux20,10000.0,0.0010079454858851348,2,1000,272.0,0.272
mux20,100.0,0.0010079454858851348,3,1000,943.0,0.943
mux20,1000.0,0.0010079454858851348,3,1000,885.0,0.885
mux20,10000.0,0.0010079454858851348,3,1000,283.0,0.283
mux20,100.0,0.0010079454858851348,4,1000,898.0,0.898
mux20,1000.0,0.0010079454858851348,4,1000,799.0,0.799
mux20,10000.0,0.0010079454858851348,4,1000,160.0,0.16
mux20,100.0,0.0010079454858851348,5,1000,895.0,0.895
mux20,1000.0,0.0010079454858851348,5,1000,833.0,0.833
mux20,10000.0,0.0010079454858851348,5,1000,228.0,0.228
mux20,100.0,0.0010079454858851348,6,1000,947.0,0.947
mux20,1000.0,0.0010079454858851348,6,1000,902.0,0.902
mux20,10000.0,0.0010079454858851348,6,1000,217.0,0.217
mux20,100.0,0.0010079454858851348,7,1000,955.0,0.955
mux20,1000.0,0.0010079454858851348,7,1000,915.0,0.915
mux20,10000.0,0.0010079454858851348,7,1000,285.0,0.285
mux20,100.0,0.0010079454858851348,8,1000,933.0,0.933
mux20,1000.0,0.0010079454858851348,8,1000,884.0,0.884
mux20,10000.0,0.0010079454858851348,8,1000,152.0,0.152
mux20,100.0,0.0010079454858851348,9,1000,935.0,0.935
mux20,1000.0,0.0010079454858851348,9,1000,882.0,0.882
mux20,10000.0,0.0010079454858851348,9,1000,409.0,0.409
mux20,100.0,0.0012843997196158193,0,1000,931.0,0.931
mux20,1000.0,0.0012843997196158193,0,1000,852.0,0.852
mux20,10000.0,0.0012843997196158193,0,1000,372.0,0.372
mux20,100.0,0.0012843997196158193,1,1000,941.0,0.941
mux20,1000.0,0.0012843997196158193,1,1000,901.0,0.901
mux20,10000.0,0.0012843997196158193,1,1000,341.0,0.341
mux20,100.0,0.0012843997196158193,2,1000,922.0,0.922
mux20,1000.0,0.0012843997196158193,2,1000,868.0,0.868
mux20,10000.0,0.0012843997196158193,2,1000,503.0,0.503
mux20,100.0,0.0012843997196158193,3,1000,927.0,0.927
mux20,1000.0,0.0012843997196158193,3,1000,875.0,0.875
mux20,10000.0,0.0012843997196158193,3,1000,535.0,0.535
mux20,100.0,0.0012843997196158193,4,1000,960.0,0.96
mux20,1000.0,0.0012843997196158193,4,1000,912.0,0.912
mux20,10000.0,0.0012843997196158193,4,1000,489.0,0.489
mux20,100.0,0.0012843997196158193,5,1000,948.0,0.948
mux20,1000.0,0.0012843997196158193,5,1000,910.0,0.91
mux20,10000.0,0.0012843997196158193,5,1000,236.0,0.236
mux20,100.0,0.0012843997196158193,6,1000,955.0,0.955
mux20,1000.0,0.0012843997196158193,6,1000,919.0,0.919
mux20,10000.0,0.0012843997196158193,6,1000,551.0,0.551
mux20,100.0,0.0012843997196158193,7,1000,955.0,0.955
mux20,1000.0,0.0012843997196158193,7,1000,911.0,0.911
mux20,10000.0,0.0012843997196158193,7,1000,442.0,0.442
mux20,100.0,0.0012843997196158193,8,1000,949.0,0.949
mux20,1000.0,0.0012843997196158193,8,1000,927.0,0.927
mux20,10000.0,0.0012843997196158193,8,1000,256.0,0.256
mux20,100.0,0.0012843997196158193,9,1000,953.0,0.953
mux20,1000.0,0.0012843997196158193,9,1000,921.0,0.921
mux20,10000.0,0.0012843997196158193,9,1000,379.0,0.379
mux20,100.0,0.0016366784343505565,0,1000,953.0,0.953
mux20,1000.0,0.0016366784343505565,0,1000,918.0,0.918
mux20,10000.0,0.0016366784343505565,0,1000,682.0,0.682
mux20,100.0,0.0016366784343505565,1,1000,964.0,0.964
mux20,1000.0,0.0016366784343505565,1,1000,930.0,0.93
mux20,10000.0,0.0016366784343505565,1,1000,722.0,0.722
mux20,100.0,0.0016366784343505565,2,1000,981.0,0.981
mux20,1000.0,0.0016366784343505565,2,1000,950.0,0.95
mux20,10000.0,0.0016366784343505565,2,1000,778.0,0.778
mux20,100.0,0.0016366784343505565,3,1000,970.0,0.97
mux20,1000.0,0.0016366784343505565,3,1000,943.0,0.943
mux20,10000.0,0.0016366784343505565,3,1000,724.0,0.724
mux20,100.0,0.0016366784343505565,4,1000,965.0,0.965
mux20,1000.0,0.0016366784343505565,4,1000,922.0,0.922
mux20,10000.0,0.0016366784343505565,4,1000,538.0,0.538
mux20,100.0,0.0016366784343505565,5,1000,944.0,0.944
mux20,1000.0,0.0016366784343505565,5,1000,897.0,0.897
mux20,10000.0,0.0016366784343505565,5,1000,457.0,0.457
mux20,100.0,0.0016366784343505565,6,1000,965.0,0.965
mux20,1000.0,0.0016366784343505565,6,1000,932.0,0.932
mux20,10000.0,0.0016366784343505565,6,1000,372.0,0.372
mux20,100.0,0.0016366784343505565,7,1000,966.0,0.966
mux20,1000.0,0.0016366784343505565,7,1000,912.0,0.912
mux20,10000.0,0.0016366784343505565,7,1000,428.0,0.428
mux20,100.0,0.0016366784343505565,8,1000,971.0,0.971
mux20,1000.0,0.0016366784343505565,8,1000,941.0,0.941
mux20,10000.0,0.0016366784343505565,8,1000,648.0,0.648
mux20,100.0,0.0016366784343505565,9,1000,950.0,0.95
mux20,1000.0,0.0016366784343505565,9,1000,922.0,0.922
mux20,10000.0,0.0016366784343505565,9,1000,742.0,0.742
mux20,100.0,0.0020855783885326824,0,1000,964.0,0.964
mux20,1000.0,0.0020855783885326824,0,1000,912.0,0.912
mux20,10000.0,0.0020855783885326824,0,1000,694.0,0.694
mux20,100.0,0.0020855783885326824,1,1000,972.0,0.972
mux20,1000.0,0.0020855783885326824,1,1000,938.0,0.938
mux20,10000.0,0.0020855783885326824,1,1000,849.0,0.849
mux20,100.0,0.0020855783885326824,2,1000,970.0,0.97
mux20,1000.0,0.0020855783885326824,2,1000,935.0,0.935
mux20,10000.0,0.0020855783885326824,2,1000,838.0,0.838
mux20,100.0,0.0020855783885326824,3,1000,964.0,0.964
mux20,1000.0,0.0020855783885326824,3,1000,922.0,0.922
mux20,10000.0,0.0020855783885326824,3,1000,824.0,0.824
mux20,100.0,0.0020855783885326824,4,1000,941.0,0.941
mux20,1000.0,0.0020855783885326824,4,1000,895.0,0.895
mux20,10000.0,0.0020855783885326824,4,1000,746.0,0.746
mux20,100.0,0.0020855783885326824,5,1000,966.0,0.966
mux20,1000.0,0.0020855783885326824,5,1000,920.0,0.92
mux20,10000.0,0.0020855783885326824,5,1000,752.0,0.752
mux20,100.0,0.0020855783885326824,6,1000,987.0,0.987
mux20,1000.0,0.0020855783885326824,6,1000,966.0,0.966
mux20,10000.0,0.0020855783885326824,6,1000,900.0,0.9
mux20,100.0,0.0020855783885326824,7,1000,965.0,0.965
mux20,1000.0,0.0020855783885326824,7,1000,924.0,0.924
mux20,10000.0,0.0020855783885326824,7,1000,792.0,0.792
mux20,100.0,0.0020855783885326824,8,1000,968.0,0.968
mux20,1000.0,0.0020855783885326824,8,1000,942.0,0.942
mux20,10000.0,0.0020855783885326824,8,1000,856.0,0.856
mux20,100.0,0.0020855783885326824,9,1000,978.0,0.978
mux20,1000.0,0.0020855783885326824,9,1000,955.0,0.955
mux20,10000.0,0.0020855783885326824,9,1000,840.0,0.84
mux20,100.0,0.002657600371230248,0,1000,950.0,0.95
mux20,1000.0,0.002657600371230248,0,1000,912.0,0.912
mux20,10000.0,0.002657600371230248,0,1000,756.0,0.756
mux20,100.0,0.002657600371230248,1,1000,977.0,0.977
mux20,1000.0,0.002657600371230248,1,1000,956.0,0.956
mux20,10000.0,0.002657600371230248,1,1000,893.0,0.893
mux20,100.0,0.002657600371230248,2,1000,970.0,0.97
mux20,1000.0,0.002657600371230248,2,1000,937.0,0.937
mux20,10000.0,0.002657600371230248,2,1000,863.0,0.863
mux20,100.0,0.002657600371230248,3,1000,976.0,0.976
mux20,1000.0,0.002657600371230248,3,1000,947.0,0.947
mux20,10000.0,0.002657600371230248,3,1000,842.0,0.842
mux20,100.0,0.002657600371230248,4,1000,977.0,0.977
mux20,1000.0,0.002657600371230248,4,1000,951.0,0.951
mux20,10000.0,0.002657600371230248,4,1000,805.0,0.805
mux20,100.0,0.002657600371230248,5,1000,981.0,0.981
mux20,1000.0,0.002657600371230248,5,1000,958.0,0.958
mux20,10000.0,0.002657600371230248,5,1000,892.0,0.892
mux20,100.0,0.002657600371230248,6,1000,982.0,0.982
mux20,1000.0,0.002657600371230248,6,1000,955.0,0.955
mux20,10000.0,0.002657600371230248,6,1000,870.0,0.87
mux20,100.0,0.002657600371230248,7,1000,981.0,0.981
mux20,1000.0,0.002657600371230248,7,1000,945.0,0.945
mux20,10000.0,0.002657600371230248,7,1000,836.0,0.836
mux20,100.0,0.002657600371230248,8,1000,976.0,0.976
mux20,1000.0,0.002657600371230248,8,1000,954.0,0.954
mux20,10000.0,0.002657600371230248,8,1000,885.0,0.885
mux20,100.0,0.002657600371230248,9,1000,967.0,0.967
mux20,1000.0,0.002657600371230248,9,1000,944.0,0.944
mux20,10000.0,0.002657600371230248,9,1000,819.0,0.819
mux20,100.0,0.0033865136750540663,0,1000,980.0,0.98
mux20,1000.0,0.0033865136750540663,0,1000,956.0,0.956
mux20,10000.0,0.0033865136750540663,0,1000,819.0,0.819
mux20,100.0,0.0033865136750540663,1,1000,969.0,0.969
mux20,1000.0,0.0033865136750540663,1,1000,947.0,0.947
mux20,10000.0,0.0033865136750540663,1,1000,853.0,0.853
mux20,100.0,0.0033865136750540663,2,1000,982.0,0.982
mux20,1000.0,0.0033865136750540663,2,1000,970.0,0.97
mux20,10000.0,0.0033865136750540663,2,1000,908.0,0.908
mux20,100.0,0.0033865136750540663,3,1000,986.0,0.986
mux20,1000.0,0.0033865136750540663,3,1000,970.0,0.97
mux20,10000.0,0.0033865136750540663,3,1000,894.0,0.894
mux20,100.0,0.0033865136750540663,4,1000,988.0,0.988
mux20,1000.0,0.0033865136750540663,4,1000,972.0,0.972
mux20,10000.0,0.0033865136750540663,4,1000,912.0,0.912
mux20,100.0,0.0033865136750540663,5,1000,981.0,0.981
mux20,1000.0,0.0033865136750540663,5,1000,959.0,0.959
mux20,10000.0,0.0033865136750540663,5,1000,881.0,0.881
mux20,100.0,0.0033865136750540663,6,1000,987.0,0.987
mux20,1000.0,0.0033865136750540663,6,1000,972.0,0.972
mux20,10000.0,0.0033865136750540663,6,1000,898.0,0.898
mux20,100.0,0.0033865136750540663,7,1000,972.0,0.972
mux20,1000.0,0.0033865136750540663,7,1000,944.0,0.944
mux20,10000.0,0.0033865136750540663,7,1000,862.0,0.862
mux20,100.0,0.0033865136750540663,8,1000,943.0,0.943
mux20,1000.0,0.0033865136750540663,8,1000,895.0,0.895
mux20,10000.0,0.0033865136750540663,8,1000,780.0,0.78
mux20,100.0,0.0033865136750540663,9,1000,979.0,0.979
mux20,1000.0,0.0033865136750540663,9,1000,961.0,0.961
mux20,10000.0,0.0033865136750540663,9,1000,878.0,0.878
mux20,100.0,0.004315349664862991,0,1000,990.0,0.99
mux20,1000.0,0.004315349664862991,0,1000,975.0,0.975
mux20,10000.0,0.004315349664862991,0,1000,928.0,0.928
mux20,100.0,0.004315349664862991,1,1000,987.0,0.987
mux20,1000.0,0.004315349664862991,1,1000,956.0,0.956
mux20,10000.0,0.004315349664862991,1,1000,890.0,0.89
mux20,100.0,0.004315349664862991,2,1000,969.0,0.969
mux20,1000.0,0.004315349664862991,2,1000,938.0,0.938
mux20,10000.0,0.004315349664862991,2,1000,868.0,0.868
mux20,100.0,0.004315349664862991,3,1000,919.0,0.919
mux20,1000.0,0.004315349664862991,3,1000,876.0,0.876
mux20,10000.0,0.004315349664862991,3,1000,733.0,0.733
mux20,100.0,0.004315349664862991,4,1000,983.0,0.983
mux20,1000.0,0.004315349664862991,4,1000,969.0,0.969
mux20,10000.0,0.004315349664862991,4,1000,897.0,0.897
mux20,100.0,0.004315349664862991,5,1000,990.0,0.99
mux20,1000.0,0.004315349664862991,5,1000,965.0,0.965
mux20,10000.0,0.004315349664862991,5,1000,916.0,0.916
mux20,100.0,0.004315349664862991,6,1000,993.0,0.993
mux20,1000.0,0.004315349664862991,6,1000,976.0,0.976
mux20,10000.0,0.004315349664862991,6,1000,935.0,0.935
mux20,100.0,0.004315349664862991,7,1000,986.0,0.986
mux20,1000.0,0.004315349664862991,7,1000,964.0,0.964
mux20,10000.0,0.004315349664862991,7,1000,902.0,0.902
mux20,100.0,0.004315349664862991,8,1000,992.0,0.992
mux20,1000.0,0.004315349664862991,8,1000,973.0,0.973
mux20,10000.0,0.004315349664862991,8,1000,922.0,0.922
mux20,100.0,0.004315349664862991,9,1000,987.0,0.987
mux20,1000.0,0.004315349664862991,9,1000,976.0,0.976
mux20,10000.0,0.004315349664862991,9,1000,923.0,0.923
mux20,100.0,0.005498942132497309,0,1000,974.0,0.974
mux20,1000.0,0.005498942132497309,0,1000,950.0,0.95
mux20,10000.0,0.005498942132497309,0,1000,864.0,0.864
mux20,100.0,0.005498942132497309,1,1000,992.0,0.992
mux20,1000.0,0.005498942132497309,1,1000,983.0,0.983
mux20,10000.0,0.005498942132497309,1,1000,952.0,0.952
mux20,100.0,0.005498942132497309,2,1000,975.0,0.975
mux20,1000.0,0.005498942132497309,2,1000,948.0,0.948
mux20,10000.0,0.005498942132497309,2,1000,875.0,0.875
mux20,100.0,0.005498942132497309,3,1000,955.0,0.955
mux20,1000.0,0.005498942132497309,3,1000,901.0,0.901
mux20,10000.0,0.005498942132497309,3,1000,810.0,0.81
mux20,100.0,0.005498942132497309,4,1000,996.0,0.996
mux20,1000.0,0.005498942132497309,4,1000,988.0,0.988
mux20,10000.0,0.005498942132497309,4,1000,941.0,0.941
mux20,100.0,0.005498942132497309,5,1000,992.0,0.992
mux20,1000.0,0.005498942132497309,5,1000,984.0,0.984
mux20,10000.0,0.005498942132497309,5,1000,957.0,0.957
mux20,100.0,0.005498942132497309,6,1000,987.0,0.987
mux20,1000.0,0.005498942132497309,6,1000,962.0,0.962
mux20,10000.0,0.005498942132497309,6,1000,925.0,0.925
mux20,100.0,0.005498942132497309,7,1000,986.0,0.986
mux20,1000.0,0.005498942132497309,7,1000,974.0,0.974
mux20,10000.0,0.005498942132497309,7,1000,920.0,0.92
mux20,100.0,0.005498942132497309,8,1000,982.0,0.982
mux20,1000.0,0.005498942132497309,8,1000,953.0,0.953
mux20,10000.0,0.005498942132497309,8,1000,879.0,0.879
mux20,100.0,0.005498942132497309,9,1000,949.0,0.949
mux20,1000.0,0.005498942132497309,9,1000,931.0,0.931
mux20,10000.0,0.005498942132497309,9,1000,896.0,0.896
mux20,100.0,0.0070071644072703665,0,1000,992.0,0.992
mux20,1000.0,0.0070071644072703665,0,1000,981.0,0.981
mux20,10000.0,0.0070071644072703665,0,1000,943.0,0.943
mux20,100.0,0.0070071644072703665,1,1000,995.0,0.995
mux20,1000.0,0.0070071644072703665,1,1000,974.0,0.974
mux20,10000.0,0.0070071644072703665,1,1000,953.0,0.953
mux20,100.0,0.0070071644072703665,2,1000,998.0,0.998
mux20,1000.0,0.0070071644072703665,2,1000,991.0,0.991
mux20,10000.0,0.0070071644072703665,2,1000,962.0,0.962
mux20,100.0,0.0070071644072703665,3,1000,995.0,0.995
mux20,1000.0,0.0070071644072703665,3,1000,987.0,0.987
mux20,10000.0,0.0070071644072703665,3,1000,951.0,0.951
mux20,100.0,0.0070071644072703665,4,1000,994.0,0.994
mux20,1000.0,0.0070071644072703665,4,1000,987.0,0.987
mux20,10000.0,0.0070071644072703665,4,1000,969.0,0.969
mux20,100.0,0.0070071644072703665,5,1000,985.0,0.985
mux20,1000.0,0.0070071644072703665,5,1000,961.0,0.961
mux20,10000.0,0.0070071644072703665,5,1000,904.0,0.904
mux20,100.0,0.0070071644072703665,6,1000,993.0,0.993
mux20,1000.0,0.0070071644072703665,6,1000,985.0,0.985
mux20,10000.0,0.0070071644072703665,6,1000,930.0,0.93
mux20,100.0,0.0070071644072703665,7,1000,994.0,0.994
mux20,1000.0,0.0070071644072703665,7,1000,980.0,0.98
mux20,10000.0,0.0070071644072703665,7,1000,948.0,0.948
mux20,100.0,0.0070071644072703665,8,1000,994.0,0.994
mux20,1000.0,0.0070071644072703665,8,1000,976.0,0.976
mux20,10000.0,0.0070071644072703665,8,1000,929.0,0.929
mux20,100.0,0.0070071644072703665,9,1000,992.0,0.992
mux20,1000.0,0.0070071644072703665,9,1000,978.0,0.978
mux20,10000.0,0.0070071644072703665,9,1000,928.0,0.928
mux20,100.0,0.008929054324893961,0,1000,996.0,0.996
mux20,1000.0,0.008929054324893961,0,1000,988.0,0.988
mux20,10000.0,0.008929054324893961,0,1000,965.0,0.965
mux20,100.0,0.008929054324893961,1,1000,984.0,0.984
mux20,1000.0,0.008929054324893961,1,1000,969.0,0.969
mux20,10000.0,0.008929054324893961,1,1000,901.0,0.901
mux20,100.0,0.008929054324893961,2,1000,996.0,0.996
mux20,1000.0,0.008929054324893961,2,1000,986.0,0.986
mux20,10000.0,0.008929054324893961,2,1000,953.0,0.953
mux20,100.0,0.008929054324893961,3,1000,995.0,0.995
mux20,1000.0,0.008929054324893961,3,1000,988.0,0.988
mux20,10000.0,0.008929054324893961,3,1000,963.0,0.963
mux20,100.0,0.008929054324893961,4,1000,995.0,0.995
mux20,1000.0,0.008929054324893961,4,1000,987.0,0.987
mux20,10000.0,0.008929054324893961,4,1000,955.0,0.955
mux20,100.0,0.008929054324893961,5,1000,996.0,0.996
mux20,1000.0,0.008929054324893961,5,1000,989.0,0.989
mux20,10000.0,0.008929054324893961,5,1000,969.0,0.969
mux20,100.0,0.008929054324893961,6,1000,1000.0,1.0
mux20,1000.0,0.008929054324893961,6,1000,993.0,0.993
mux20,10000.0,0.008929054324893961,6,1000,959.0,0.959
mux20,100.0,0.008929054324893961,7,1000,999.0,0.999
mux20,1000.0,0.008929054324893961,7,1000,989.0,0.989
mux20,10000.0,0.008929054324893961,7,1000,951.0,0.951
mux20,100.0,0.008929054324893961,8,1000,996.0,0.996
mux20,1000.0,0.008929054324893961,8,1000,987.0,0.987
mux20,10000.0,0.008929054324893961,8,1000,949.0,0.949
mux20,100.0,0.008929054324893961,9,1000,989.0,0.989
mux20,1000.0,0.008929054324893961,9,1000,981.0,0.981
mux20,10000.0,0.008929054324893961,9,1000,967.0,0.967
mux20,100.0,0.011378070572196754,0,1000,998.0,0.998
mux20,1000.0,0.011378070572196754,0,1000,987.0,0.987
mux20,10000.0,0.011378070572196754,0,1000,951.0,0.951
mux20,100.0,0.011378070572196754,1,1000,1000.0,1.0
mux20,1000.0,0.011378070572196754,1,1000,991.0,0.991
mux20,10000.0,0.011378070572196754,1,1000,970.0,0.97
mux20,100.0,0.011378070572196754,2,1000,996.0,0.996
mux20,1000.0,0.011378070572196754,2,1000,978.0,0.978
mux20,10000.0,0.011378070572196754,2,1000,935.0,0.935
mux20,100.0,0.011378070572196754,3,1000,997.0,0.997
mux20,1000.0,0.011378070572196754,3,1000,988.0,0.988
mux20,10000.0,0.011378070572196754,3,1000,969.0,0.969
mux20,100.0,0.011378070572196754,4,1000,997.0,0.997
mux20,1000.0,0.011378070572196754,4,1000,990.0,0.99
mux20,10000.0,0.011378070572196754,4,1000,979.0,0.979
mux20,100.0,0.011378070572196754,5,1000,1000.0,1.0
mux20,1000.0,0.011378070572196754,5,1000,998.0,0.998
mux20,10000.0,0.011378070572196754,5,1000,981.0,0.981
mux20,100.0,0.011378070572196754,6,1000,998.0,0.998
mux20,1000.0,0.011378070572196754,6,1000,992.0,0.992
mux20,10000.0,0.011378070572196754,6,1000,975.0,0.975
mux20,100.0,0.011378070572196754,7,1000,999.0,0.999
mux20,1000.0,0.011378070572196754,7,1000,993.0,0.993
mux20,10000.0,0.011378070572196754,7,1000,961.0,0.961
mux20,100.0,0.011378070572196754,8,1000,999.0,0.999
mux20,1000.0,0.011378070572196754,8,1000,994.0,0.994
mux20,10000.0,0.011378070572196754,8,1000,974.0,0.974
mux20,100.0,0.011378070572196754,9,1000,997.0,0.997
mux20,1000.0,0.011378070572196754,9,1000,980.0,0.98
mux20,10000.0,0.011378070572196754,9,1000,928.0,0.928
mux20,100.0,0.014498790715715262,0,1000,999.0,0.999
mux20,1000.0,0.014498790715715262,0,1000,987.0,0.987
mux20,10000.0,0.014498790715715262,0,1000,963.0,0.963
mux20,100.0,0.014498790715715262,1,1000,1000.0,1.0
mux20,1000.0,0.014498790715715262,1,1000,990.0,0.99
mux20,10000.0,0.014498790715715262,1,1000,961.0,0.961
mux20,100.0,0.014498790715715262,2,1000,998.0,0.998
mux20,1000.0,0.014498790715715262,2,1000,994.0,0.994
mux20,10000.0,0.014498790715715262,2,1000,965.0,0.965
mux20,100.0,0.014498790715715262,3,1000,999.0,0.999
mux20,1000.0,0.014498790715715262,3,1000,991.0,0.991
mux20,10000.0,0.014498790715715262,3,1000,949.0,0.949
mux20,100.0,0.014498790715715262,4,1000,1000.0,1.0
mux20,1000.0,0.014498790715715262,4,1000,995.0,0.995
mux20,10000.0,0.014498790715715262,4,1000,962.0,0.962
mux20,100.0,0.014498790715715262,5,1000,999.0,0.999
mux20,1000.0,0.014498790715715262,5,1000,987.0,0.987
mux20,10000.0,0.014498790715715262,5,1000,964.0,0.964
mux20,100.0,0.014498790715715262,6,1000,1000.0,1.0
mux20,1000.0,0.014498790715715262,6,1000,995.0,0.995
mux20,10000.0,0.014498790715715262,6,1000,971.0,0.971
mux20,100.0,0.014498790715715262,7,1000,997.0,0.997
mux20,1000.0,0.014498790715715262,7,1000,996.0,0.996
mux20,10000.0,0.014498790715715262,7,1000,975.0,0.975
mux20,100.0,0.014498790715715262,8,1000,1000.0,1.0
mux20,1000.0,0.014498790715715262,8,1000,993.0,0.993
mux20,10000.0,0.014498790715715262,8,1000,957.0,0.957
mux20,100.0,0.014498790715715262,9,1000,1000.0,1.0
mux20,1000.0,0.014498790715715262,9,1000,995.0,0.995
mux20,10000.0,0.014498790715715262,9,1000,969.0,0.969
mux20,100.0,0.01847544633198079,0,1000,999.0,0.999
mux20,1000.0,0.01847544633198079,0,1000,994.0,0.994
mux20,10000.0,0.01847544633198079,0,1000,974.0,0.974
mux20,100.0,0.01847544633198079,1,1000,999.0,0.999
mux20,1000.0,0.01847544633198079,1,1000,999.0,0.999
mux20,10000.0,0.01847544633198079,1,1000,987.0,0.987
mux20,100.0,0.01847544633198079,2,1000,1000.0,1.0
mux20,1000.0,0.01847544633198079,2,1000,998.0,0.998
mux20,10000.0,0.01847544633198079,2,1000,980.0,0.98
mux20,100.0,0.01847544633198079,3,1000,1000.0,1.0
mux20,1000.0,0.01847544633198079,3,1000,992.0,0.992
mux20,10000.0,0.01847544633198079,3,1000,967.0,0.967
mux20,100.0,0.01847544633198079,4,1000,1000.0,1.0
mux20,1000.0,0.01847544633198079,4,1000,997.0,0.997
mux20,10000.0,0.01847544633198079,4,1000,978.0,0.978
mux20,100.0,0.01847544633198079,5,1000,1000.0,1.0
mux20,1000.0,0.01847544633198079,5,1000,1000.0,1.0
mux20,10000.0,0.01847544633198079,5,1000,982.0,0.982
mux20,100.0,0.01847544633198079,6,1000,1000.0,1.0
mux20,1000.0,0.01847544633198079,6,1000,996.0,0.996
mux20,10000.0,0.01847544633198079,6,1000,981.0,0.981
mux20,100.0,0.01847544633198079,7,1000,998.0,0.998
mux20,1000.0,0.01847544633198079,7,1000,992.0,0.992
mux20,10000.0,0.01847544633198079,7,1000,969.0,0.969
mux20,100.0,0.01847544633198079,8,1000,1000.0,1.0
mux20,1000.0,0.01847544633198079,8,1000,996.0,0.996
mux20,10000.0,0.01847544633198079,8,1000,972.0,0.972
mux20,100.0,0.01847544633198079,9,1000,1000.0,1.0
mux20,1000.0,0.01847544633198079,9,1000,997.0,0.997
mux20,10000.0,0.01847544633198079,9,1000,978.0,0.978
mux20,100.0,0.02354279911054384,0,1000,1000.0,1.0
mux20,1000.0,0.02354279911054384,0,1000,996.0,0.996
mux20,10000.0,0.02354279911054384,0,1000,983.0,0.983
mux20,100.0,0.02354279911054384,1,1000,1000.0,1.0
mux20,1000.0,0.02354279911054384,1,1000,1000.0,1.0
mux20,10000.0,0.02354279911054384,1,1000,992.0,0.992
mux20,100.0,0.02354279911054384,2,1000,1000.0,1.0
mux20,1000.0,0.02354279911054384,2,1000,998.0,0.998
mux20,10000.0,0.02354279911054384,2,1000,958.0,0.958
mux20,100.0,0.02354279911054384,3,1000,1000.0,1.0
mux20,1000.0,0.02354279911054384,3,1000,998.0,0.998
mux20,10000.0,0.02354279911054384,3,1000,984.0,0.984
mux20,100.0,0.02354279911054384,4,1000,1000.0,1.0
mux20,1000.0,0.02354279911054384,4,1000,999.0,0.999
mux20,10000.0,0.02354279911054384,4,1000,986.0,0.986
mux20,100.0,0.02354279911054384,5,1000,1000.0,1.0
mux20,1000.0,0.02354279911054384,5,1000,997.0,0.997
mux20,10000.0,0.02354279911054384,5,1000,957.0,0.957
mux20,100.0,0.02354279911054384,6,1000,1000.0,1.0
mux20,1000.0,0.02354279911054384,6,1000,999.0,0.999
mux20,10000.0,0.02354279911054384,6,1000,986.0,0.986
mux20,100.0,0.02354279911054384,7,1000,1000.0,1.0
mux20,1000.0,0.02354279911054384,7,1000,1000.0,1.0
mux20,10000.0,0.02354279911054384,7,1000,982.0,0.982
mux20,100.0,0.02354279911054384,8,1000,1000.0,1.0
mux20,1000.0,0.02354279911054384,8,1000,994.0,0.994
mux20,10000.0,0.02354279911054384,8,1000,936.0,0.936
mux20,100.0,0.02354279911054384,9,1000,1000.0,1.0
mux20,1000.0,0.02354279911054384,9,1000,998.0,0.998
mux20,10000.0,0.02354279911054384,9,1000,986.0,0.986
mux20,100.0,0.029999999999999995,0,1000,1000.0,1.0
mux20,1000.0,0.029999999999999995,0,1000,1000.0,1.0
mux20,10000.0,0.029999999999999995,0,1000,992.0,0.992
mux20,100.0,0.029999999999999995,1,1000,1000.0,1.0
mux20,1000.0,0.029999999999999995,1,1000,999.0,0.999
mux20,10000.0,0.029999999999999995,1,1000,985.0,0.985
mux20,100.0,0.029999999999999995,2,1000,1000.0,1.0
mux20,1000.0,0.029999999999999995,2,1000,997.0,0.997
mux20,10000.0,0.029999999999999995,2,1000,981.0,0.981
mux20,100.0,0.029999999999999995,3,1000,1000.0,1.0
mux20,1000.0,0.029999999999999995,3,1000,1000.0,1.0
mux20,10000.0,0.029999999999999995,3,1000,981.0,0.981
mux20,100.0,0.029999999999999995,4,1000,1000.0,1.0
mux20,1000.0,0.029999999999999995,4,1000,1000.0,1.0
mux20,10000.0,0.029999999999999995,4,1000,995.0,0.995
mux20,100.0,0.029999999999999995,5,1000,1000.0,1.0
mux20,1000.0,0.029999999999999995,5,1000,993.0,0.993
mux20,10000.0,0.029999999999999995,5,1000,929.0,0.929
mux20,100.0,0.029999999999999995,6,1000,1000.0,1.0
mux20,1000.0,0.029999999999999995,6,1000,999.0,0.999
mux20,10000.0,0.029999999999999995,6,1000,974.0,0.974
mux20,100.0,0.029999999999999995,7,1000,1000.0,1.0
mux20,1000.0,0.029999999999999995,7,1000,998.0,0.998
mux20,10000.0,0.029999999999999995,7,1000,992.0,0.992
mux20,100.0,0.029999999999999995,8,1000,1000.0,1.0
mux20,1000.0,0.029999999999999995,8,1000,1000.0,1.0
mux20,10000.0,0.029999999999999995,8,1000,989.0,0.989
mux20,100.0,0.029999999999999995,9,1000,1000.0,1.0
mux20,1000.0,0.029999999999999995,9,1000,1000.0,1.0
mux20,10000.0,0.029999999999999995,9,1000,987.0,0.987
mux20,100.0,0.07208434242404262,0,1000,1000.0,1.0
mux20,1000.0,0.07208434242404262,0,1000,1000.0,1.0
mux20,10000.0,0.07208434242404262,0,1000,997.0,0.997
mux20,100.0,0.07208434242404262,1,1000,1000.0,1.0
mux20,1000.0,0.07208434242404262,1,1000,1000.0,1.0
mux20,10000.0,0.07208434242404262,1,1000,997.0,0.997
mux20,100.0,0.07208434242404262,2,1000,1000.0,1.0
mux20,1000.0,0.07208434242404262,2,1000,1000.0,1.0
mux20,10000.0,0.07208434242404262,2,1000,1000.0,1.0
mux20,100.0,0.07208434242404262,3,1000,1000.0,1.0
mux20,1000.0,0.07208434242404262,3,1000,1000.0,1.0
mux20,10000.0,0.07208434242404262,3,1000,999.0,0.999
mux20,100.0,0.07208434242404262,4,1000,1000.0,1.0
mux20,1000.0,0.07208434242404262,4,1000,1000.0,1.0
mux20,10000.0,0.07208434242404262,4,1000,999.0,0.999
mux20,100.0,0.07208434242404262,5,1000,1000.0,1.0
mux20,1000.0,0.07208434242404262,5,1000,1000.0,1.0
mux20,10000.0,0.07208434242404262,5,1000,1000.0,1.0
mux20,100.0,0.07208434242404262,6,1000,1000.0,1.0
mux20,1000.0,0.07208434242404262,6,1000,1000.0,1.0
mux20,10000.0,0.07208434242404262,6,1000,998.0,0.998
mux20,100.0,0.07208434242404262,7,1000,1000.0,1.0
mux20,1000.0,0.07208434242404262,7,1000,1000.0,1.0
mux20,10000.0,0.07208434242404262,7,1000,1000.0,1.0
mux20,100.0,0.07208434242404262,8,1000,1000.0,1.0
mux20,1000.0,0.07208434242404262,8,1000,1000.0,1.0
mux20,10000.0,0.07208434242404262,8,1000,998.0,0.998
mux20,100.0,0.07208434242404262,9,1000,1000.0,1.0
mux20,1000.0,0.07208434242404262,9,1000,1000.0,1.0
mux20,10000.0,0.07208434242404262,9,1000,999.0,0.999
mux20,100.0,0.17320508075688773,0,1000,1000.0,1.0
mux20,1000.0,0.17320508075688773,0,1000,1000.0,1.0
mux20,10000.0,0.17320508075688773,0,1000,1000.0,1.0
mux20,100.0,0.17320508075688773,1,1000,1000.0,1.0
mux20,1000.0,0.17320508075688773,1,1000,1000.0,1.0
mux20,10000.0,0.17320508075688773,1,1000,1000.0,1.0
mux20,100.0,0.17320508075688773,2,1000,1000.0,1.0
mux20,1000.0,0.17320508075688773,2,1000,1000.0,1.0
mux20,10000.0,0.17320508075688773,2,1000,1000.0,1.0
mux20,100.0,0.17320508075688773,3,1000,1000.0,1.0
mux20,1000.0,0.17320508075688773,3,1000,1000.0,1.0
mux20,10000.0,0.17320508075688773,3,1000,1000.0,1.0
mux20,100.0,0.17320508075688773,4,1000,1000.0,1.0
mux20,1000.0,0.17320508075688773,4,1000,1000.0,1.0
mux20,10000.0,0.17320508075688773,4,1000,1000.0,1.0
mux20,100.0,0.17320508075688773,5,1000,1000.0,1.0
mux20,1000.0,0.17320508075688773,5,1000,1000.0,1.0
mux20,10000.0,0.17320508075688773,5,1000,1000.0,1.0
mux20,100.0,0.17320508075688773,6,1000,1000.0,1.0
mux20,1000.0,0.17320508075688773,6,1000,1000.0,1.0
mux20,10000.0,0.17320508075688773,6,1000,1000.0,1.0
mux20,100.0,0.17320508075688773,7,1000,1000.0,1.0
mux20,1000.0,0.17320508075688773,7,1000,1000.0,1.0
mux20,10000.0,0.17320508075688773,7,1000,1000.0,1.0
mux20,100.0,0.17320508075688773,8,1000,1000.0,1.0
mux20,1000.0,0.17320508075688773,8,1000,1000.0,1.0
mux20,10000.0,0.17320508075688773,8,1000,1000.0,1.0
mux20,100.0,0.17320508075688773,9,1000,1000.0,1.0
mux20,1000.0,0.17320508075688773,9,1000,1000.0,1.0
mux20,10000.0,0.17320508075688773,9,1000,1000.0,1.0
mux20,100.0,0.4161791450287818,0,1000,1000.0,1.0
mux20,1000.0,0.4161791450287818,0,1000,1000.0,1.0
mux20,10000.0,0.4161791450287818,0,1000,1000.0,1.0
mux20,100.0,0.4161791450287818,1,1000,1000.0,1.0
mux20,1000.0,0.4161791450287818,1,1000,1000.0,1.0
mux20,10000.0,0.4161791450287818,1,1000,1000.0,1.0
mux20,100.0,0.4161791450287818,2,1000,1000.0,1.0
mux20,1000.0,0.4161791450287818,2,1000,1000.0,1.0
mux20,10000.0,0.4161791450287818,2,1000,1000.0,1.0
mux20,100.0,0.4161791450287818,3,1000,1000.0,1.0
mux20,1000.0,0.4161791450287818,3,1000,1000.0,1.0
mux20,10000.0,0.4161791450287818,3,1000,1000.0,1.0
mux20,100.0,0.4161791450287818,4,1000,1000.0,1.0
mux20,1000.0,0.4161791450287818,4,1000,1000.0,1.0
mux20,10000.0,0.4161791450287818,4,1000,1000.0,1.0
mux20,100.0,0.4161791450287818,5,1000,1000.0,1.0
mux20,1000.0,0.4161791450287818,5,1000,1000.0,1.0
mux20,10000.0,0.4161791450287818,5,1000,1000.0,1.0
mux20,100.0,0.4161791450287818,6,1000,1000.0,1.0
mux20,1000.0,0.4161791450287818,6,1000,1000.0,1.0
mux20,10000.0,0.4161791450287818,6,1000,1000.0,1.0
mux20,100.0,0.4161791450287818,7,1000,1000.0,1.0
mux20,1000.0,0.4161791450287818,7,1000,1000.0,1.0
mux20,10000.0,0.4161791450287818,7,1000,1000.0,1.0
mux20,100.0,0.4161791450287818,8,1000,1000.0,1.0
mux20,1000.0,0.4161791450287818,8,1000,1000.0,1.0
mux20,10000.0,0.4161791450287818,8,1000,1000.0,1.0
mux20,100.0,0.4161791450287818,9,1000,1000.0,1.0
mux20,1000.0,0.4161791450287818,9,1000,1000.0,1.0
mux20,10000.0,0.4161791450287818,9,1000,1000.0,1.0
mux20,100.0,1.0,0,1000,1000.0,1.0
mux20,1000.0,1.0,0,1000,1000.0,1.0
mux20,10000.0,1.0,0,1000,1000.0,1.0
mux20,100.0,1.0,1,1000,1000.0,1.0
mux20,1000.0,1.0,1,1000,1000.0,1.0
mux20,10000.0,1.0,1,1000,1000.0,1.0
mux20,100.0,1.0,2,1000,1000.0,1.0
mux20,1000.0,1.0,2,1000,1000.0,1.0
mux20,10000.0,1.0,2,1000,1000.0,1.0
mux20,100.0,1.0,3,1000,1000.0,1.0
mux20,1000.0,1.0,3,1000,1000.0,1.0
mux20,10000.0,1.0,3,1000,1000.0,1.0
mux20,100.0,1.0,4,1000,1000.0,1.0
mux20,1000.0,1.0,4,1000,1000.0,1.0
mux20,10000.0,1.0,4,1000,1000.0,1.0
mux20,100.0,1.0,5,1000,1000.0,1.0
mux20,1000.0,1.0,5,1000,1000.0,1.0
mux20,10000.0,1.0,5,1000,1000.0,1.0
mux20,100.0,1.0,6,1000,1000.0,1.0
mux20,1000.0,1.0,6,1000,1000.0,1.0
mux20,10000.0,1.0,6,1000,1000.0,1.0
mux20,100.0,1.0,7,1000,1000.0,1.0
mux20,1000.0,1.0,7,1000,1000.0,1.0
mux20,10000.0,1.0,7,1000,1000.0,1.0
mux20,100.0,1.0,8,1000,1000.0,1.0
mux20,1000.0,1.0,8,1000,1000.0,1.0
mux20,10000.0,1.0,8,1000,1000.0,1.0
mux20,100.0,1.0,9,1000,1000.0,1.0
mux20,1000.0,1.0,9,1000,1000.0,1.0
mux20,10000.0,1.0,9,1000,1000.0,1.0
